{"type":"FeatureCollection","name":"HangJeongDong_ver20260701","crs":{"type":"name","properties":{"name":"urn:ogc:def:crs:OGC:1.3:CRS84"}},"features":[{"type":"Feature","properties":{"adm_nm":"대전광역시 동구 효동","adm_cd2":"3011053000","sgg":"30110","sido":"30","sidonm":"대전광역시","sggnm":"동구","adm_cd":"25010530","dong_code":"30110530","dong_name":"효동"},"geometry":{"type":"MultiPolygon","coordinates":[[[[127.4484635114297,36.31924845096915],[127.44831660680303,36.3188839014448],[127.44969144590584,36.31771851634333],[127.45076926535614,36.316113947258884],[127.45086334034414,36.315881614121096],[127.45055108835538,36.314642901674446],[127.45045674811338,36.314432675077654],[127.45023233817605,36.31398475466555],[127.45019593457194,36.31381514590116],[127.44995666724108,36.31270029026478],[127.4497840998142,36.31171992054557],[127.45066292135039,36.31108835948067],[127.45251995056145,36.31155979128347],[127.45424650368842,36.31214769456983],[127.45765528232059,36.31242052726312],[127.45990213126888,36.3124721240225],[127.46109418392459,36.31261449897341],[127.46204907843952,36.31276546888276],[127.46265229785476,36.312937120504614],[127.46316702354702,36.31340999561146],[127.46319185306454,36.31343280518762],[127.46396460090963,36.3130287075612],[127.46505582568082,36.312033777482974],[127.46524479658295,36.311723755289364],[127.46525698294745,36.311508102394114],[127.46364943731488,36.30989877505041],[127.46284568370164,36.30909410402364],[127.46123823604152,36.30748474726917],[127.46134784937621,36.30561147578219],[127.46145746299318,36.30373820901437],[127.46162187462845,36.3009283021564],[127.46152525311761,36.30117011340859],[127.46139527490199,36.301432838756426],[127.46122471031823,36.30170211948021],[127.46098922663555,36.30195824141464],[127.45860187695432,36.30446029261009],[127.45753519317059,36.30371636640391],[127.45570884736871,36.30243494939016],[127.45655839624611,36.30160531962834],[127.45584676177457,36.300688790451375],[127.45508333243056,36.30113227461837],[127.45174064463126,36.30398725862925],[127.4508475575176,36.30492055183125],[127.44843802812724,36.30792552902532],[127.44738829052824,36.30938793024254],[127.4473552849962,36.30943677779094],[127.44693974128752,36.31005188407022],[127.4468199709123,36.31022917245947],[127.44663394184565,36.31050454116502],[127.4461399766836,36.3108695184721],[127.4448571418554,36.311328216120025],[127.44306434329593,36.311248809490486],[127.44021980906199,36.31297140632301],[127.43803487398444,36.31838785874918],[127.44126620798863,36.31924081923467],[127.44139321812229,36.31926002950989],[127.44625449170132,36.3195321864461],[127.4469285843766,36.319547868000654],[127.4484635114297,36.31924845096915]]]]}},{"type":"Feature","properties":{"adm_nm":"대전광역시 동구 판암1동","adm_cd2":"3011055100","sgg":"30110","sido":"30","sidonm":"대전광역시","sggnm":"동구","adm_cd":"25010550","dong_code":"30110551","dong_name":"판암1동"},"geometry":{"type":"MultiPolygon","coordinates":[[[[127.48099713312492,36.30044491506197],[127.47952514254366,36.299403873220434],[127.47850976888016,36.29936533501217],[127.47797533042807,36.29935988616253],[127.47789974405387,36.299359116716765],[127.47775824764776,36.2993576786527],[127.47684503035796,36.29949018448117],[127.47596996794428,36.29970146476718],[127.47436582255835,36.30060670342252],[127.47302402344158,36.301335909191295],[127.46910505606907,36.302991304220164],[127.46857814013734,36.30306789950996],[127.46777302110475,36.30292195707376],[127.46623394280137,36.30259238139233],[127.46565866697269,36.30219226707469],[127.46448199164605,36.30074979579774],[127.4641991879709,36.30065950065584],[127.46366263320675,36.300615875112655],[127.46186152536335,36.300621857597534],[127.46165877624709,36.30088110708909],[127.46162187462845,36.3009283021564],[127.46145746299318,36.30373820901437],[127.46134784937621,36.30561147578219],[127.46123823604152,36.30748474726917],[127.46284568370164,36.30909410402364],[127.46364943731488,36.30989877505041],[127.46525698294745,36.311508102394114],[127.46524479658295,36.311723755289364],[127.46505582568082,36.312033777482974],[127.46396460090963,36.3130287075612],[127.46319185306454,36.31343280518762],[127.46316702354702,36.31340999561146],[127.46265229785476,36.312937120504614],[127.46204907843952,36.31276546888276],[127.46109418392459,36.31261449897341],[127.45990213126888,36.3124721240225],[127.45765528232059,36.31242052726312],[127.45424650368842,36.31214769456983],[127.45251995056145,36.31155979128347],[127.45066292135039,36.31108835948067],[127.4497840998142,36.31171992054557],[127.44995666724108,36.31270029026478],[127.45019593457194,36.31381514590116],[127.45023233817605,36.31398475466555],[127.45045674811338,36.314432675077654],[127.45055108835538,36.314642901674446],[127.45086334034414,36.315881614121096],[127.45076926535614,36.316113947258884],[127.44969144590584,36.31771851634333],[127.44831660680303,36.3188839014448],[127.4484635114297,36.31924845096915],[127.44912735065849,36.31928986025499],[127.45194343623561,36.31821756887442],[127.45393619958256,36.317304585633735],[127.45445990139162,36.3171360726863],[127.45503207714525,36.31702973280715],[127.45628121450049,36.31696867914361],[127.45643597499584,36.316961338453446],[127.45649364162267,36.317677433467516],[127.45651630782065,36.317849400870855],[127.45654757164837,36.31808656040406],[127.45658646268589,36.3183230735766],[127.45670132427443,36.31871707112676],[127.45689987527464,36.31931099136626],[127.45693162799091,36.319365343505325],[127.45700599757191,36.319492637038245],[127.45715729645588,36.31970444110312],[127.45741572108136,36.3199803569605],[127.45745178775887,36.32001885229708],[127.46126146338221,36.32129666638516],[127.46266654959284,36.32155332560176],[127.46270643820435,36.321567009094316],[127.46359500213703,36.3218718179783],[127.46418241474757,36.32195378006259],[127.46488187529549,36.32193176810579],[127.46518449463757,36.321679284963814],[127.46603120308039,36.32166633895943],[127.46708914271986,36.32207784258074],[127.46735578475064,36.322504860714595],[127.46757681091704,36.322858822630444],[127.46836622823183,36.324237877759785],[127.47065849476789,36.328602469149665],[127.47076525060884,36.32950091438412],[127.47288133016465,36.330266033945435],[127.47696581704908,36.33214887567154],[127.47782602655752,36.33273741497138],[127.47868624900728,36.33332594802643],[127.48025757882758,36.334268401743465],[127.4812253417223,36.33268963845369],[127.48063952584644,36.331570151549904],[127.48061397118246,36.33099903524974],[127.48119274564178,36.3307898107329],[127.48233252705916,36.330480117484846],[127.4837443255588,36.33017779193287],[127.48401506067367,36.3300472297954],[127.48363172819629,36.32797575080591],[127.48356419744984,36.32766190923713],[127.48143510239453,36.323760848289254],[127.48102780380596,36.323467690067744],[127.48037493915041,36.323001541467754],[127.48022848830335,36.32245603890731],[127.48017702339627,36.321842490606215],[127.48020548873366,36.321620073141915],[127.48072689231867,36.32107190303206],[127.48166537134384,36.31949751666439],[127.48274611415135,36.315849344347995],[127.48244084640879,36.314882106042276],[127.48112511757628,36.30952639814613],[127.48039690016992,36.30319234151968],[127.48038206008904,36.302167802873356],[127.4809406630404,36.3004741928951],[127.48099713312492,36.30044491506197]]]]}},{"type":"Feature","properties":{"adm_nm":"대전광역시 동구 판암2동","adm_cd2":"3011055200","sgg":"30110","sido":"30","sidonm":"대전광역시","sggnm":"동구","adm_cd":"25010560","dong_code":"30110552","dong_name":"판암2동"},"geometry":{"type":"MultiPolygon","coordinates":[[[[127.46266654959284,36.32155332560176],[127.46126146338221,36.32129666638516],[127.45745178775887,36.32001885229708],[127.45741572108136,36.3199803569605],[127.45715729645588,36.31970444110312],[127.45700599757191,36.319492637038245],[127.45693162799091,36.319365343505325],[127.45689987527464,36.31931099136626],[127.45670132427443,36.31871707112676],[127.45658646268589,36.3183230735766],[127.45654757164837,36.31808656040406],[127.45651630782065,36.317849400870855],[127.45649364162267,36.317677433467516],[127.45643597499584,36.316961338453446],[127.45628121450049,36.31696867914361],[127.45503207714525,36.31702973280715],[127.45445990139162,36.3171360726863],[127.45393619958256,36.317304585633735],[127.45194343623561,36.31821756887442],[127.44912735065849,36.31928986025499],[127.44819051060068,36.319749524072584],[127.44697034708723,36.320522593006864],[127.44708379271924,36.32067995402948],[127.44781383588528,36.320418437184145],[127.44787013057028,36.320410023277255],[127.44837106593481,36.321150182684576],[127.4486195170719,36.321517282895385],[127.44886144274271,36.32187474044945],[127.44771907331958,36.32315643259619],[127.44763976633938,36.32323096561604],[127.44697081476602,36.32385962851391],[127.44734333764701,36.324134654562215],[127.44958873901851,36.32445937478225],[127.44992879773667,36.32484163950525],[127.45110036263713,36.32532781401019],[127.45129704799413,36.325344078851806],[127.45280460488176,36.324833155829324],[127.45288003759848,36.32480758170225],[127.45484287552334,36.324277376010485],[127.45819139205075,36.325343435461505],[127.46266654959284,36.32155332560176]]]]}},{"type":"Feature","properties":{"adm_nm":"대전광역시 동구 용운동","adm_cd2":"3011056000","sgg":"30110","sido":"30","sidonm":"대전광역시","sggnm":"동구","adm_cd":"25010570","dong_code":"30110560","dong_name":"용운동"},"geometry":{"type":"MultiPolygon","coordinates":[[[[127.47076525060884,36.32950091438412],[127.47065849476789,36.328602469149665],[127.46836622823183,36.324237877759785],[127.46757681091704,36.322858822630444],[127.46735578475064,36.322504860714595],[127.46708914271986,36.32207784258074],[127.46603120308039,36.32166633895943],[127.46518449463757,36.321679284963814],[127.46488187529549,36.32193176810579],[127.46418241474757,36.32195378006259],[127.46359500213703,36.3218718179783],[127.46270643820435,36.321567009094316],[127.46266654959284,36.32155332560176],[127.45819139205075,36.325343435461505],[127.45484287552334,36.324277376010485],[127.45288003759848,36.32480758170225],[127.45280460488176,36.324833155829324],[127.45129704799413,36.325344078851806],[127.45110036263713,36.32532781401019],[127.44992879773667,36.32484163950525],[127.44958873901851,36.32445937478225],[127.44734333764701,36.324134654562215],[127.44800946917897,36.32462078624307],[127.44830944665351,36.32483970966913],[127.44871605718319,36.32514808347408],[127.45162722363911,36.32999218344535],[127.45216262988968,36.33134709564866],[127.45220760624818,36.33157353288814],[127.45189739635244,36.33197733092529],[127.45158020009862,36.33236534737432],[127.45321489401708,36.33382822807694],[127.45364108584913,36.33430363761485],[127.45508203669554,36.337598125385426],[127.45630125863951,36.34122014553293],[127.45699157906355,36.34387879820462],[127.4618142878688,36.34500791622315],[127.46482169958747,36.34519488251357],[127.46587884486107,36.34407505509661],[127.4683243905415,36.34088010475645],[127.47142236013747,36.33639337557519],[127.47234683984874,36.33446824355503],[127.472432140038,36.333863923182754],[127.4721390869758,36.332455780358856],[127.47185002935555,36.331709101441675],[127.47076525060884,36.32950091438412]]]]}},{"type":"Feature","properties":{"adm_nm":"대전광역시 동구 자양동","adm_cd2":"3011059000","sgg":"30110","sido":"30","sidonm":"대전광역시","sggnm":"동구","adm_cd":"25010600","dong_code":"30110590","dong_name":"자양동"},"geometry":{"type":"MultiPolygon","coordinates":[[[[127.45699157906355,36.34387879820462],[127.45630125863951,36.34122014553293],[127.45508203669554,36.337598125385426],[127.45364108584913,36.33430363761485],[127.45321489401708,36.33382822807694],[127.45158020009862,36.33236534737432],[127.44835159847132,36.33258347042627],[127.44767129030888,36.333016347511446],[127.44741543192906,36.33315843395592],[127.44567883848657,36.33386933701454],[127.44520479198886,36.3340567048614],[127.44457229054143,36.33339406510929],[127.44442932098768,36.333164279900934],[127.44431941424973,36.332912220145275],[127.4442487615557,36.33273533852233],[127.44412637107564,36.33256121303939],[127.44391420085309,36.33226883846895],[127.44342107378897,36.331877287194175],[127.44321338802311,36.33174041182095],[127.44297318119418,36.33162481685007],[127.44278419923461,36.33157455018658],[127.44075563298085,36.33149618415106],[127.44262667820973,36.33565961188422],[127.44414946444903,36.33770020514063],[127.44429490937696,36.33785212897693],[127.4449813192551,36.338561176237555],[127.44578574377648,36.33939210760282],[127.44829539617275,36.34197507267728],[127.4487243776766,36.34240898787869],[127.44898602234996,36.34264727118484],[127.44955239367704,36.343128019372266],[127.45348505443349,36.34518890707112],[127.45359309061008,36.34506055322939],[127.45699157906355,36.34387879820462]]]]}},{"type":"Feature","properties":{"adm_nm":"대전광역시 동구 가양1동","adm_cd2":"3011062000","sgg":"30110","sido":"30","sidonm":"대전광역시","sggnm":"동구","adm_cd":"25010630","dong_code":"30110620","dong_name":"가양1동"},"geometry":{"type":"MultiPolygon","coordinates":[[[[127.44829539617275,36.34197507267728],[127.44578574377648,36.33939210760282],[127.4449813192551,36.338561176237555],[127.44429490937696,36.33785212897693],[127.44414946444903,36.33770020514063],[127.44262667820973,36.33565961188422],[127.44178719636125,36.336709275190735],[127.44152423627222,36.3368555998509],[127.44053602051055,36.337348709074725],[127.43979808479374,36.33764975893672],[127.43892295774597,36.337761701302036],[127.43806992743171,36.33773680796083],[127.43760600549713,36.33837500803693],[127.43849110963087,36.33896925832443],[127.43860511861872,36.33906853537103],[127.43863902375526,36.339118891343745],[127.43916805334499,36.3408052490792],[127.43891022368388,36.34374572508363],[127.43756307220094,36.34941701425027],[127.44145660541346,36.35067623157413],[127.44223763246829,36.350928798913515],[127.44266406544814,36.350260049762696],[127.443017149387,36.34970631788541],[127.4432875084794,36.34928231357606],[127.44593021800043,36.3452294696263],[127.44829539617275,36.34197507267728]]]]}},{"type":"Feature","properties":{"adm_nm":"대전광역시 동구 가양2동","adm_cd2":"3011063000","sgg":"30110","sido":"30","sidonm":"대전광역시","sggnm":"동구","adm_cd":"25010640","dong_code":"30110630","dong_name":"가양2동"},"geometry":{"type":"MultiPolygon","coordinates":[[[[127.46390326046053,36.35076234357809],[127.46482169958747,36.34519488251357],[127.4618142878688,36.34500791622315],[127.45699157906355,36.34387879820462],[127.45359309061008,36.34506055322939],[127.45348505443349,36.34518890707112],[127.44955239367704,36.343128019372266],[127.44898602234996,36.34264727118484],[127.4487243776766,36.34240898787869],[127.44829539617275,36.34197507267728],[127.44593021800043,36.3452294696263],[127.4432875084794,36.34928231357606],[127.443017149387,36.34970631788541],[127.44266406544814,36.350260049762696],[127.44223763246829,36.350928798913515],[127.44145660541346,36.35067623157413],[127.44139935077831,36.35237127862153],[127.44251954275715,36.35185266483594],[127.44268650957905,36.35175999357488],[127.44516029244741,36.350789650866375],[127.4454547124221,36.35129353895971],[127.44552525902104,36.351418645567186],[127.4460613290171,36.35236932862715],[127.44591368070576,36.3523281218635],[127.44576343101694,36.35226960685134],[127.4455865996922,36.35219286481133],[127.44550737584674,36.352219641445025],[127.44570070746816,36.353227336824105],[127.44589566042443,36.35361776634466],[127.44699164704197,36.354002240959176],[127.45450374839373,36.354479393596186],[127.45446433500808,36.354411838749584],[127.45415442814269,36.35388079921671],[127.45413771682796,36.35385217338723],[127.45381426539373,36.353297910338874],[127.45389584929582,36.353274715442794],[127.4549794687825,36.35307123790085],[127.45605428712926,36.3529365970779],[127.45716117043933,36.35308788273716],[127.45799691262057,36.353030590787675],[127.45854110208104,36.35299327221771],[127.46280410377041,36.35119196421294],[127.46390326046053,36.35076234357809]]]]}},{"type":"Feature","properties":{"adm_nm":"대전광역시 동구 용전동","adm_cd2":"3011064000","sgg":"30110","sido":"30","sidonm":"대전광역시","sggnm":"동구","adm_cd":"25010650","dong_code":"30110640","dong_name":"용전동"},"geometry":{"type":"MultiPolygon","coordinates":[[[[127.44139935077831,36.35237127862153],[127.44145660541346,36.35067623157413],[127.43756307220094,36.34941701425027],[127.43197042833606,36.34744237536387],[127.43205793357413,36.34820431536456],[127.43221996646206,36.34961516487729],[127.42837491341008,36.34999124584306],[127.42792193755321,36.35258819284215],[127.42756815725198,36.355028586921925],[127.4290863623901,36.356758526923926],[127.43068463266054,36.35905089056772],[127.43226703596024,36.35905745431586],[127.43244018921023,36.359058165392],[127.43254820364459,36.359058616783],[127.43544037370029,36.36074655029113],[127.43676592241047,36.360239499289804],[127.43729039930147,36.360263866650854],[127.4374935319206,36.360246699584025],[127.43838616227312,36.35996418515829],[127.43869929903606,36.35972877022281],[127.4392701946223,36.3585784487047],[127.43969670673874,36.35663568850635],[127.4396644174591,36.35506291395593],[127.44032859658031,36.35451660636941],[127.4408622517476,36.35407767705138],[127.441478674962,36.35356162749982],[127.44139935077831,36.35237127862153]]]]}},{"type":"Feature","properties":{"adm_nm":"대전광역시 동구 홍도동","adm_cd2":"3011067000","sgg":"30110","sido":"30","sidonm":"대전광역시","sggnm":"동구","adm_cd":"25010680","dong_code":"30110670","dong_name":"홍도동"},"geometry":{"type":"MultiPolygon","coordinates":[[[[127.43197042833606,36.34744237536387],[127.43133511836811,36.346908942945156],[127.42991319926081,36.34571501504193],[127.42848545848796,36.344516155818624],[127.42755361207178,36.34381968686455],[127.42744638032795,36.343756250598446],[127.42726507852058,36.34367350952861],[127.42721951474975,36.34365271566241],[127.42517019419125,36.34356854060245],[127.42320990671918,36.343681837133055],[127.42070236323761,36.344457063938094],[127.42042619327393,36.3446614195483],[127.41991131051381,36.34504241619387],[127.41832518679759,36.34621609697955],[127.41958474638132,36.34830159338248],[127.42121314769058,36.348512803984214],[127.42179532054206,36.34856591395325],[127.42310443981707,36.348514492128125],[127.42389035635318,36.34842591934526],[127.42487404081822,36.34880136492466],[127.42494891467854,36.348859851697924],[127.42506696714504,36.34897694226609],[127.4254392857252,36.349760860804345],[127.42564582836404,36.35024427697652],[127.42577041777297,36.35044517817172],[127.42583465898882,36.35054876278228],[127.42725285784196,36.35252476696872],[127.42792193755321,36.35258819284215],[127.42837491341008,36.34999124584306],[127.43221996646206,36.34961516487729],[127.43205793357413,36.34820431536456],[127.43197042833606,36.34744237536387]]]]}},{"type":"Feature","properties":{"adm_nm":"대전광역시 동구 대청동","adm_cd2":"3011072500","sgg":"30110","sido":"30","sidonm":"대전광역시","sggnm":"동구","adm_cd":"25010730","dong_code":"30110725","dong_name":"대청동"},"geometry":{"type":"MultiPolygon","coordinates":[[[[127.48921132565803,36.4327033866873],[127.4933335681815,36.42621538235872],[127.49389920285815,36.42527689267855],[127.4944648216877,36.42433840377583],[127.49667826990797,36.42066554730167],[127.49771156927618,36.41895081987135],[127.49785567410902,36.41863301296684],[127.49962569166465,36.41472893138728],[127.50040498625415,36.412963843535465],[127.5007946203256,36.41208129570346],[127.50118424558227,36.41119874827265],[127.50157659003168,36.41031003292198],[127.50196892554374,36.40942131795306],[127.50256289751616,36.40820092710565],[127.50316123042629,36.40766254620559],[127.50412023037985,36.40706173903688],[127.50539052234163,36.40658302131051],[127.50666079983134,36.406104288232406],[127.5079310583877,36.405625541606604],[127.50908785547543,36.40518953361469],[127.51004375707333,36.40311573909526],[127.51103214133352,36.40650494109825],[127.51161530175712,36.408348351111975],[127.51307332565409,36.41295685936589],[127.51365658257241,36.414800251987224],[127.51453151966147,36.41756533990624],[127.51568790123477,36.42228075341618],[127.51650228678959,36.42216655133149],[127.5175580051523,36.421754060452365],[127.51840899872967,36.42087331159444],[127.51948797981596,36.42017516251809],[127.52019656540728,36.42062080493897],[127.52121121257625,36.42161582708441],[127.52298314583044,36.4227911095742],[127.52414509720417,36.423193961782644],[127.52878971263078,36.42058316678643],[127.52933568702419,36.41933656454608],[127.53399395884122,36.41878556569362],[127.5354570483571,36.41900339729622],[127.53803563544872,36.42016870620326],[127.53975288525886,36.42071782285361],[127.54107601893044,36.42073224848669],[127.54239915084551,36.42074665855737],[127.54337854009788,36.42025268528066],[127.54435791247815,36.419758704841705],[127.54429875773693,36.41961965483006],[127.54386288113339,36.41859502914541],[127.54349555192988,36.41773150742862],[127.54312823532968,36.416867984449674],[127.5433046877753,36.41506207717841],[127.54339291206689,36.41415912504448],[127.54348113767202,36.41325617090558],[127.54425624530472,36.41178780791673],[127.54462515519137,36.41108892636053],[127.54572797688391,36.410247638234594],[127.54683077144884,36.40940634252861],[127.54785003784916,36.40863340800221],[127.54886928182563,36.407860466495336],[127.5498885100715,36.40708751890748],[127.5520678423079,36.405282580553376],[127.55336028983531,36.4035455885223],[127.55386483248377,36.40286746478529],[127.55418545741752,36.40189204255112],[127.55482668328384,36.39994119053414],[127.55514728198963,36.398965764358756],[127.55597139658042,36.397942101880716],[127.55648120105091,36.39766350597689],[127.55725127828721,36.39724266103409],[127.55638517666043,36.39590050527918],[127.55418511437627,36.39472769759244],[127.551468032273,36.39525015674256],[127.55077034072305,36.395697446125375],[127.54812338807167,36.39675557402003],[127.54687403216172,36.39642560439426],[127.54465989858129,36.39615859789027],[127.54361239478618,36.39610083418994],[127.54311378879717,36.397009884577045],[127.54122583595543,36.397192181484705],[127.53915877834955,36.3971916455765],[127.53564381706092,36.39475085416955],[127.53459700068409,36.3940226460972],[127.53409976201625,36.39367672769851],[127.5337029686382,36.39275044277071],[127.53330619025684,36.391824152768216],[127.53305373258682,36.39153380683897],[127.53275422652418,36.39136082432038],[127.53177174744802,36.39091601702446],[127.52669562427059,36.38797436407783],[127.52571849179749,36.3873092143274],[127.5252071846561,36.38618963181741],[127.52516504449649,36.38366061413566],[127.52529142528095,36.376215220316766],[127.52561872867862,36.3750569658348],[127.52575887451944,36.37456102047992],[127.52623368372625,36.374008223942845],[127.52642442955944,36.373649850314095],[127.52658188200476,36.3733539955184],[127.52665061869668,36.37233895016106],[127.52671935361067,36.37132390369054],[127.52685680695964,36.369293812821645],[127.52495636124077,36.36379499614734],[127.52307700734907,36.3576433554054],[127.52131006175681,36.35320453295086],[127.52015623128675,36.353325426961625],[127.51846681645176,36.35350242547773],[127.51587009840675,36.35300370451093],[127.5141910095616,36.351524991387855],[127.50976625923357,36.35044595174575],[127.50856175289293,36.348119283078525],[127.50791688997485,36.34573557460095],[127.5081570189343,36.34393962653486],[127.50930965084262,36.34309845536899],[127.50847226557443,36.34208216078138],[127.50682656474804,36.34064094603801],[127.50584253263897,36.34029835504366],[127.50570573972074,36.34029294157584],[127.50397913470665,36.340224623182785],[127.50213843553685,36.33976321004271],[127.50125056149407,36.33870629031556],[127.501166578663,36.33738083213096],[127.50121604826563,36.333301244899644],[127.50204553059532,36.32917755941676],[127.50271130697782,36.32804598479354],[127.5035147529611,36.32670335507729],[127.50353146173319,36.3264776942306],[127.50358423747666,36.32576480119503],[127.50210824201275,36.32324176402188],[127.50017815212821,36.32053702052015],[127.49828046990638,36.31895395631348],[127.49929223603398,36.31578820757525],[127.49926160922305,36.314931653150296],[127.4964269125976,36.31239379565128],[127.49587124374358,36.31223552825343],[127.4957210127192,36.31219274004293],[127.4947615257004,36.311686775112626],[127.49792927226,36.30722709384609],[127.49915334279868,36.30581460637937],[127.49945192513174,36.30528304170889],[127.49868914815468,36.304041995732746],[127.49330419120575,36.30002562986952],[127.4920198244654,36.29984734542651],[127.48899984494847,36.30083743036127],[127.48714072551175,36.30021400669311],[127.48436884896371,36.29955212777724],[127.48220399441692,36.29981909843037],[127.48099713312492,36.30044491506197],[127.4809406630404,36.3004741928951],[127.48038206008904,36.302167802873356],[127.48039690016992,36.30319234151968],[127.48112511757628,36.30952639814613],[127.48244084640879,36.314882106042276],[127.48274611415135,36.315849344347995],[127.48166537134384,36.31949751666439],[127.48072689231867,36.32107190303206],[127.48020548873366,36.321620073141915],[127.48017702339627,36.321842490606215],[127.48022848830335,36.32245603890731],[127.48037493915041,36.323001541467754],[127.48102780380596,36.323467690067744],[127.48143510239453,36.323760848289254],[127.48356419744984,36.32766190923713],[127.48363172819629,36.32797575080591],[127.48401506067367,36.3300472297954],[127.4837443255588,36.33017779193287],[127.48233252705916,36.330480117484846],[127.48119274564178,36.3307898107329],[127.48061397118246,36.33099903524974],[127.48063952584644,36.331570151549904],[127.4812253417223,36.33268963845369],[127.48025757882758,36.334268401743465],[127.47868624900728,36.33332594802643],[127.47782602655752,36.33273741497138],[127.47696581704908,36.33214887567154],[127.47288133016465,36.330266033945435],[127.47076525060884,36.32950091438412],[127.47185002935555,36.331709101441675],[127.4721390869758,36.332455780358856],[127.472432140038,36.333863923182754],[127.47234683984874,36.33446824355503],[127.47142236013747,36.33639337557519],[127.4683243905415,36.34088010475645],[127.46587884486107,36.34407505509661],[127.46482169958747,36.34519488251357],[127.46390326046053,36.35076234357809],[127.46512567764862,36.351549252747446],[127.46509988486021,36.352267924159115],[127.46469886425444,36.35309764974183],[127.46473499059324,36.35412054342064],[127.46477111897988,36.35514343871697],[127.46533088784798,36.35664726136618],[127.46562671742123,36.35744197633624],[127.4660500675561,36.3580267066408],[127.46606636322845,36.35804922453502],[127.46606905588361,36.35809080253667],[127.46614912357101,36.35932769878121],[127.46590040792502,36.36048566437289],[127.46486593195034,36.360989019864306],[127.46372509964124,36.36131010226135],[127.4622846718085,36.36437259919342],[127.45965047578338,36.36902293164062],[127.4572337062856,36.372332703164616],[127.45441204862757,36.37587534009376],[127.45273955567127,36.37792776317765],[127.4513107917012,36.38091130499545],[127.45152672372666,36.38146423500095],[127.45232992465638,36.382520780548646],[127.45313315065184,36.38357732052571],[127.45468702130472,36.386981561720035],[127.4552234837686,36.38870894071547],[127.4539528614863,36.39006563468786],[127.45421207773593,36.395861845389334],[127.45528407406478,36.399133908810455],[127.45653122089251,36.401467544399786],[127.45738247552582,36.40297447615418],[127.45851645365138,36.40347228389281],[127.45965044848121,36.40397008083275],[127.46112304260623,36.40461649085449],[127.46248592494842,36.40600093521764],[127.4631057588233,36.40663054621265],[127.46503780415239,36.407694814567996],[127.46645625232195,36.40840785330765],[127.46834859410598,36.41036127691274],[127.47218071138136,36.41497074682922],[127.47281943900768,36.41573898178513],[127.47780959521775,36.42227145771615],[127.48073477474583,36.426908035486946],[127.48131985126705,36.42783534472541],[127.48119341860567,36.42929732297041],[127.48180278930681,36.43050056621307],[127.48254634425182,36.43149624688497],[127.48403351668821,36.43348759385275],[127.48515299054823,36.43320903423493],[127.48627245306365,36.43293046771136],[127.48774189205636,36.43281693489118],[127.48921132565803,36.4327033866873]]]]}},{"type":"Feature","properties":{"adm_nm":"대전광역시 동구 산내동","adm_cd2":"3011074000","sgg":"30110","sido":"30","sidonm":"대전광역시","sggnm":"동구","adm_cd":"25010750","dong_code":"30110740","dong_name":"산내동"},"geometry":{"type":"MultiPolygon","coordinates":[[[[127.46162187462845,36.3009283021564],[127.46165877624709,36.30088110708909],[127.46186152536335,36.300621857597534],[127.46366263320675,36.300615875112655],[127.4641991879709,36.30065950065584],[127.46448199164605,36.30074979579774],[127.46565866697269,36.30219226707469],[127.46623394280137,36.30259238139233],[127.46777302110475,36.30292195707376],[127.46857814013734,36.30306789950996],[127.46910505606907,36.302991304220164],[127.47302402344158,36.301335909191295],[127.47436582255835,36.30060670342252],[127.47596996794428,36.29970146476718],[127.47684503035796,36.29949018448117],[127.47775824764776,36.2993576786527],[127.47789974405387,36.299359116716765],[127.47797533042807,36.29935988616253],[127.47850976888016,36.29936533501217],[127.47952514254366,36.299403873220434],[127.48099713312492,36.30044491506197],[127.48220399441692,36.29981909843037],[127.48436884896371,36.29955212777724],[127.48714072551175,36.30021400669311],[127.48899984494847,36.30083743036127],[127.4901431505914,36.30022354000367],[127.49130536511399,36.298440351316565],[127.49100595439812,36.29694002728303],[127.4912146174922,36.29657709063029],[127.4967047943327,36.28708724466603],[127.49729538858136,36.28668012169235],[127.4982598941923,36.282874311360196],[127.49806509789848,36.28125643206912],[127.49665669695057,36.27947317776683],[127.49624582794009,36.27911280070101],[127.49520910444684,36.278468124874315],[127.49425364338386,36.2777348104928],[127.48857797944663,36.27324453825067],[127.48851919327144,36.27306359089294],[127.48845705982441,36.272872300558944],[127.48847195316583,36.27280701421329],[127.48859817674929,36.272254066708854],[127.48885540321048,36.27123067185141],[127.48936188621805,36.27002523624234],[127.48859463926783,36.26744056834515],[127.48765825748413,36.26519736426145],[127.48625137581662,36.261443858325194],[127.48614907538685,36.259814909558536],[127.4861850506771,36.25923969711788],[127.48752345768872,36.25832906952405],[127.4879980093413,36.25835908578323],[127.48885461217893,36.25837689685086],[127.48931492909591,36.25823658199784],[127.48981351271489,36.25789376484464],[127.49028960412029,36.253940905926086],[127.4901544097384,36.253387688298666],[127.4899276331274,36.252941332370064],[127.48917608945494,36.25285921158549],[127.48895752067088,36.252804402231],[127.4886746273348,36.252733453054226],[127.48756023290885,36.251502669208655],[127.48768650843434,36.250618253498935],[127.4885226774589,36.247356139698525],[127.48930415683367,36.2459046328776],[127.48953890484414,36.245520300801765],[127.48963586222061,36.24547216787928],[127.48990665948429,36.245337758005185],[127.49025516130519,36.245215345485114],[127.4904587955137,36.245143817906914],[127.49117053412944,36.24519415421443],[127.49152307335659,36.24522768158788],[127.49192194081618,36.24526561787216],[127.49217104593387,36.24507290128689],[127.49259034864654,36.2447091098792],[127.49335571460271,36.24070178625673],[127.49333941591435,36.24020132771541],[127.49298093334991,36.239755532659025],[127.49288392714084,36.239607996835126],[127.49270161752442,36.23933070168036],[127.49276503953664,36.23809225998161],[127.49062029038372,36.23769445342696],[127.49038703027294,36.23758631820535],[127.48996947660176,36.237369855770616],[127.48932448855186,36.23601386466376],[127.48935973626317,36.23577571382414],[127.48961673808928,36.235378513164555],[127.4896749855819,36.23528849934989],[127.48987931110544,36.23468272687607],[127.48994942877448,36.23414694164556],[127.48994708441636,36.23377010055072],[127.48837437862328,36.232824483897254],[127.48360031032477,36.2308009164484],[127.48092900593568,36.23032572764328],[127.47912850783183,36.230134589479874],[127.478052302191,36.22981045298594],[127.4778286622896,36.229743087781664],[127.47794510283357,36.228760845446224],[127.47805333412327,36.22844308079982],[127.47788411888475,36.226777709514245],[127.4774760657965,36.2265205562088],[127.47685203217623,36.22612729102734],[127.4744102451526,36.2251155098835],[127.47378568075915,36.225058480815356],[127.47185223550662,36.22512559285095],[127.47173576932964,36.22510100599009],[127.47088408991212,36.22492114513427],[127.46752056503668,36.22325142409706],[127.467187284638,36.22277671824008],[127.467124038435,36.222429859620604],[127.46729916505953,36.21893840490786],[127.467802217884,36.2170918900266],[127.46836205012256,36.21656409924647],[127.46865493900738,36.21642413042518],[127.46903220007246,36.21606564687564],[127.46914067462714,36.21578754487888],[127.4692241732814,36.215501178043496],[127.46920283969708,36.21547564302745],[127.46879347404605,36.21502528253233],[127.46854736192356,36.2147981642281],[127.4683999728358,36.21475699614277],[127.46834909219649,36.21474279030801],[127.46830220855772,36.21472970434874],[127.46369477813697,36.21371621518107],[127.4602764560501,36.21303518109106],[127.46011674513947,36.2129267024918],[127.45996705811325,36.2124413415383],[127.45988715671791,36.211330946023864],[127.45909491578244,36.20977701684199],[127.45752237613044,36.20871197401875],[127.45713063631621,36.208683720906215],[127.4553034147693,36.20800639162326],[127.45325277157659,36.20677452297359],[127.45326290389973,36.20640756006505],[127.4532961521187,36.206226777162556],[127.45331035825546,36.206149542176504],[127.45349225369104,36.205861254296785],[127.45452845300997,36.20518298442545],[127.45537940170094,36.204837491110304],[127.45590735079428,36.204523225938566],[127.45627060844903,36.204077121324275],[127.45649020389948,36.203747487828345],[127.45644920428518,36.20300387131337],[127.4558632796764,36.201131785601845],[127.45572720162896,36.20087445421545],[127.4556151572661,36.20087487522149],[127.45516436461708,36.20087658516574],[127.45507233408533,36.20086699858554],[127.45479707129495,36.20083831176006],[127.45451497034382,36.20072038669548],[127.45338623099589,36.20018913132601],[127.45042928867096,36.198762295202044],[127.44413114099294,36.19496769011336],[127.44280915922533,36.19405956763937],[127.44218977826617,36.194187505110186],[127.44107515390338,36.19446805333838],[127.44090646394284,36.19479538069438],[127.44074231590531,36.19593947184507],[127.43663148608462,36.198279160197615],[127.4334892710192,36.19918271250019],[127.43264678530554,36.20104548939848],[127.4310648050533,36.20377795586567],[127.43104301125061,36.203815474497965],[127.43091119852343,36.204042387822525],[127.42967667973029,36.20511490519779],[127.42927480263563,36.205342529495006],[127.42645671230211,36.20604368249172],[127.42630845319262,36.206018749628726],[127.42594458785119,36.205957548719795],[127.42544850626423,36.205971858686404],[127.42385248218848,36.20615342222312],[127.42366696688613,36.206254610889275],[127.4232346597425,36.20659540470704],[127.42304994947924,36.20684737753188],[127.42297041321986,36.20700233208951],[127.42292718307272,36.20708656162715],[127.42262052865375,36.20772848840594],[127.42235996232613,36.20829486893339],[127.4228367987122,36.20892672830609],[127.42430465590397,36.21007170713764],[127.42530856155972,36.21064322976851],[127.42581099070506,36.21101417277564],[127.42606333058497,36.211407307337474],[127.42597339614846,36.21182296120817],[127.42536065152919,36.21297527562846],[127.42543805046779,36.215115549805326],[127.4260376913923,36.216412651554805],[127.42603147732426,36.217701266635885],[127.42583687276043,36.22312254142266],[127.4257009605452,36.22478432866834],[127.42530761387611,36.225115857062974],[127.42479601233039,36.22550105008123],[127.4241122529514,36.2257164627186],[127.42391652689572,36.226057934146944],[127.42377393390487,36.226484417437156],[127.42372302409697,36.226814731904206],[127.42381745424635,36.227229720599304],[127.4239767636732,36.22789332489919],[127.42464325573135,36.22893072591062],[127.42762150590505,36.22918639139681],[127.42810803626081,36.22903556617859],[127.4290273363444,36.22853176084814],[127.42931542976787,36.22822188768065],[127.42959103923117,36.22803986477081],[127.43104912373198,36.22731047379263],[127.43168128232287,36.22729756092372],[127.43311778314312,36.22744147708191],[127.43334380492236,36.22752073221583],[127.4336588692436,36.22763121136258],[127.43413438455725,36.2278744354306],[127.43676045142956,36.23113429423631],[127.43764923535082,36.23225989047589],[127.43763785352496,36.232579419665406],[127.43753692703476,36.23385795360445],[127.43742910387981,36.23531709374854],[127.43755470353715,36.236583916916246],[127.43830775639145,36.23697519812212],[127.43907333301465,36.237249285554945],[127.44051181403806,36.237712596362975],[127.44290176861448,36.238704854719856],[127.44243456879202,36.242306076501606],[127.44234438945706,36.242668482715864],[127.44202196847037,36.24390500966934],[127.44097215267745,36.2446436769291],[127.4403539648674,36.24482698509678],[127.4398023203794,36.2451271924385],[127.43918591419367,36.24562997487981],[127.43897637678732,36.24585437756128],[127.43531023716375,36.24997840192788],[127.43480192728666,36.2509812941626],[127.43477745354679,36.251322156576954],[127.43498931708488,36.251513085395175],[127.43549129102942,36.25174554665117],[127.43671010495032,36.252944497496806],[127.43352900850056,36.25409246162186],[127.43260190916628,36.25408612422495],[127.43124745134934,36.25421313184391],[127.42853852263748,36.254467101952194],[127.42718405174446,36.25459406444111],[127.42712522346146,36.254599580397496],[127.42789285766499,36.25528402257241],[127.42866050414828,36.25596845615085],[127.4294281673578,36.256652888347574],[127.43019583950529,36.25733731555137],[127.42977977402228,36.260036266976996],[127.42964107579652,36.26093591294372],[127.43458594464349,36.26493866371932],[127.43863021759603,36.26805933315002],[127.43887671180302,36.26899485024697],[127.43912321075959,36.26993036939894],[127.43669161462411,36.27483099221192],[127.43521682357044,36.275143831904906],[127.43374202077976,36.275456647973776],[127.43214046660384,36.27884471435138],[127.43317852141831,36.27967735843943],[127.43421660162481,36.280509991622395],[127.43525470276653,36.28134261840461],[127.43512343843078,36.28215100387211],[127.43446869818217,36.28219996355759],[127.43386336745137,36.28245727123618],[127.43274905756931,36.282942271441605],[127.4307940412063,36.284775557077275],[127.43061155725721,36.290095119774925],[127.43102931277419,36.291513050290156],[127.43266377056494,36.29108314632373],[127.43770866939722,36.292716235241095],[127.44041110254656,36.29507048385997],[127.44091640534467,36.29584603490124],[127.44185436721239,36.296194005120896],[127.44320034864033,36.29642333104448],[127.44622656581109,36.296508631233245],[127.44722640388878,36.29594140698273],[127.44863880190131,36.29484073032972],[127.45124064051275,36.29386946650549],[127.45250396177259,36.293481320387954],[127.45326780946574,36.29334870583652],[127.45616217180759,36.29285705798612],[127.45782865292266,36.2940384057524],[127.45751642867843,36.29413902991338],[127.45722541480593,36.2945275942573],[127.4561743894435,36.29899443232565],[127.45584676177457,36.300688790451375],[127.45655839624611,36.30160531962834],[127.45570884736871,36.30243494939016],[127.45753519317059,36.30371636640391],[127.45860187695432,36.30446029261009],[127.46098922663555,36.30195824141464],[127.46122471031823,36.30170211948021],[127.46139527490199,36.301432838756426],[127.46152525311761,36.30117011340859],[127.46162187462845,36.3009283021564]]]]}},{"type":"Feature","properties":{"adm_nm":"대전광역시 동구 중앙동","adm_cd2":"3011051500","sgg":"30110","sido":"30","sidonm":"대전광역시","sggnm":"동구","adm_cd":"25010760","dong_code":"30110515","dong_name":"중앙동"},"geometry":{"type":"MultiPolygon","coordinates":[[[[127.44262667820973,36.33565961188422],[127.44075563298085,36.33149618415106],[127.44076977154025,36.3311484853642],[127.44021023626132,36.32812278110007],[127.43829968123798,36.32637278331085],[127.43825911321107,36.326294760687865],[127.43806120890291,36.325818656932526],[127.43802139460519,36.32570540042637],[127.43795752634264,36.32545287335029],[127.43795006630982,36.325386566240944],[127.43803873829769,36.32504545852449],[127.43789309118554,36.324990009127866],[127.43644724141438,36.32445579759737],[127.436412180578,36.32444284988994],[127.43628720099301,36.324678202955425],[127.4362739270287,36.32470321646491],[127.43569308739676,36.325797024213756],[127.43517608076094,36.326770579443235],[127.43254368103703,36.325773223031575],[127.4308743037643,36.32782929002738],[127.42926052173996,36.32984102701506],[127.42720777709162,36.331489819808745],[127.42545192266293,36.332822956058074],[127.42702714138208,36.333673422356135],[127.4311017919107,36.33606252343814],[127.4315676912686,36.336323261448676],[127.43166650947968,36.33636686163697],[127.4323299296016,36.33662006705067],[127.43289476754764,36.33667480990173],[127.43345761848603,36.336299723709885],[127.43611138642368,36.337008868951514],[127.43806992743171,36.33773680796083],[127.43892295774597,36.337761701302036],[127.43979808479374,36.33764975893672],[127.44053602051055,36.337348709074725],[127.44152423627222,36.3368555998509],[127.44178719636125,36.336709275190735],[127.44262667820973,36.33565961188422]]]]}},{"type":"Feature","properties":{"adm_nm":"대전광역시 동구 신인동","adm_cd2":"3011054500","sgg":"30110","sido":"30","sidonm":"대전광역시","sggnm":"동구","adm_cd":"25010770","dong_code":"30110545","dong_name":"신인동"},"geometry":{"type":"MultiPolygon","coordinates":[[[[127.43795006630982,36.325386566240944],[127.44079795478066,36.32645721071997],[127.44464773866446,36.32618084230133],[127.44502554968268,36.32549024557355],[127.44548474302667,36.32465087384329],[127.44555305456808,36.324541579086016],[127.44641206945957,36.32369343997089],[127.44655976687541,36.32355625661512],[127.44694289687449,36.3238390085996],[127.44697081476602,36.32385962851391],[127.44763976633938,36.32323096561604],[127.44771907331958,36.32315643259619],[127.44886144274271,36.32187474044945],[127.4486195170719,36.321517282895385],[127.44837106593481,36.321150182684576],[127.44787013057028,36.320410023277255],[127.44781383588528,36.320418437184145],[127.44708379271924,36.32067995402948],[127.44697034708723,36.320522593006864],[127.44819051060068,36.319749524072584],[127.44912735065849,36.31928986025499],[127.4484635114297,36.31924845096915],[127.4469285843766,36.319547868000654],[127.44625449170132,36.3195321864461],[127.44139321812229,36.31926002950989],[127.44126620798863,36.31924081923467],[127.43803487398444,36.31838785874918],[127.43456141269039,36.323242455766206],[127.43343894594321,36.32467078358262],[127.43254368103703,36.325773223031575],[127.43517608076094,36.326770579443235],[127.43569308739676,36.325797024213756],[127.4362739270287,36.32470321646491],[127.43628720099301,36.324678202955425],[127.436412180578,36.32444284988994],[127.43644724141438,36.32445579759737],[127.43789309118554,36.324990009127866],[127.43803873829769,36.32504545852449],[127.43795006630982,36.325386566240944]]]]}},{"type":"Feature","properties":{"adm_nm":"대전광역시 동구 대동","adm_cd2":"3011058500","sgg":"30110","sido":"30","sidonm":"대전광역시","sggnm":"동구","adm_cd":"25010780","dong_code":"30110585","dong_name":"대동"},"geometry":{"type":"MultiPolygon","coordinates":[[[[127.45158020009862,36.33236534737432],[127.45189739635244,36.33197733092529],[127.45220760624818,36.33157353288814],[127.45216262988968,36.33134709564866],[127.45162722363911,36.32999218344535],[127.44871605718319,36.32514808347408],[127.44830944665351,36.32483970966913],[127.44800946917897,36.32462078624307],[127.44734333764701,36.324134654562215],[127.44697081476602,36.32385962851391],[127.44694289687449,36.3238390085996],[127.44655976687541,36.32355625661512],[127.44641206945957,36.32369343997089],[127.44555305456808,36.324541579086016],[127.44548474302667,36.32465087384329],[127.44502554968268,36.32549024557355],[127.44464773866446,36.32618084230133],[127.44079795478066,36.32645721071997],[127.43795006630982,36.325386566240944],[127.43795752634264,36.32545287335029],[127.43802139460519,36.32570540042637],[127.43806120890291,36.325818656932526],[127.43825911321107,36.326294760687865],[127.43829968123798,36.32637278331085],[127.44021023626132,36.32812278110007],[127.44076977154025,36.3311484853642],[127.44075563298085,36.33149618415106],[127.44278419923461,36.33157455018658],[127.44297318119418,36.33162481685007],[127.44321338802311,36.33174041182095],[127.44342107378897,36.331877287194175],[127.44391420085309,36.33226883846895],[127.44412637107564,36.33256121303939],[127.4442487615557,36.33273533852233],[127.44431941424973,36.332912220145275],[127.44442932098768,36.333164279900934],[127.44457229054143,36.33339406510929],[127.44520479198886,36.3340567048614],[127.44567883848657,36.33386933701454],[127.44741543192906,36.33315843395592],[127.44767129030888,36.333016347511446],[127.44835159847132,36.33258347042627],[127.45158020009862,36.33236534737432]]]]}},{"type":"Feature","properties":{"adm_nm":"대전광역시 동구 성남동","adm_cd2":"3011066500","sgg":"30110","sido":"30","sidonm":"대전광역시","sggnm":"동구","adm_cd":"25010790","dong_code":"30110665","dong_name":"성남동"},"geometry":{"type":"MultiPolygon","coordinates":[[[[127.43760600549713,36.33837500803693],[127.43590186411822,36.3384379598127],[127.42922707835605,36.34079277059832],[127.42890221621418,36.34109643915784],[127.42777644330637,36.34197781453183],[127.42668218061392,36.34254443936076],[127.42663869959763,36.34256492457248],[127.42572995085477,36.34286770977694],[127.42533074055899,36.34300071800241],[127.42320990671918,36.343681837133055],[127.42517019419125,36.34356854060245],[127.42721951474975,36.34365271566241],[127.42726507852058,36.34367350952861],[127.42744638032795,36.343756250598446],[127.42755361207178,36.34381968686455],[127.42848545848796,36.344516155818624],[127.42991319926081,36.34571501504193],[127.43133511836811,36.346908942945156],[127.43197042833606,36.34744237536387],[127.43756307220094,36.34941701425027],[127.43891022368388,36.34374572508363],[127.43916805334499,36.3408052490792],[127.43863902375526,36.339118891343745],[127.43860511861872,36.33906853537103],[127.43849110963087,36.33896925832443],[127.43760600549713,36.33837500803693]]]]}},{"type":"Feature","properties":{"adm_nm":"대전광역시 동구 삼성동","adm_cd2":"3011069500","sgg":"30110","sido":"30","sidonm":"대전광역시","sggnm":"동구","adm_cd":"25010800","dong_code":"30110695","dong_name":"삼성동"},"geometry":{"type":"MultiPolygon","coordinates":[[[[127.42070236323761,36.344457063938094],[127.42320990671918,36.343681837133055],[127.42533074055899,36.34300071800241],[127.42572995085477,36.34286770977694],[127.42663869959763,36.34256492457248],[127.42668218061392,36.34254443936076],[127.42777644330637,36.34197781453183],[127.42890221621418,36.34109643915784],[127.42922707835605,36.34079277059832],[127.43590186411822,36.3384379598127],[127.43760600549713,36.33837500803693],[127.43806992743171,36.33773680796083],[127.43611138642368,36.337008868951514],[127.43345761848603,36.336299723709885],[127.43289476754764,36.33667480990173],[127.4323299296016,36.33662006705067],[127.43166650947968,36.33636686163697],[127.4315676912686,36.336323261448676],[127.4311017919107,36.33606252343814],[127.42702714138208,36.333673422356135],[127.42545192266293,36.332822956058074],[127.42387815113909,36.33425614185464],[127.42232964370655,36.3361284034981],[127.42210936647326,36.336494152441226],[127.42197816246976,36.33662006115498],[127.42128238966781,36.33728769269135],[127.42023538274861,36.337850657746245],[127.41857659097732,36.338637800654396],[127.41751384640325,36.338997121122105],[127.41702273568002,36.33916883251624],[127.41603081480784,36.33954800752512],[127.4156912404104,36.33985517834641],[127.4151703145092,36.34032639775101],[127.41435975185613,36.341059611411715],[127.41389190327865,36.34148463476351],[127.41359973235637,36.34200506471033],[127.41321916994104,36.34268294633013],[127.41277071753848,36.343694952695245],[127.41339205610775,36.34384903461015],[127.41365993462625,36.34391546204689],[127.41379887456368,36.343944440546345],[127.4167207149505,36.34455377316143],[127.41694276673717,36.34460007132619],[127.41761579526087,36.34467640736984],[127.4180962469011,36.34468636157784],[127.4182150167216,36.34468882118649],[127.41909077779445,36.34467287672115],[127.41973055867864,36.344587209985],[127.42070236323761,36.344457063938094]]]]}},{"type":"Feature","properties":{"adm_nm":"대전광역시 중구 은행선화동","adm_cd2":"3014053500","sgg":"30140","sido":"30","sidonm":"대전광역시","sggnm":"중구","adm_cd":"25020510","dong_code":"30140535","dong_name":"은행선화동"},"geometry":{"type":"MultiPolygon","coordinates":[[[[127.42545192266293,36.332822956058074],[127.42720777709162,36.331489819808745],[127.42926052173996,36.32984102701506],[127.4308743037643,36.32782929002738],[127.42649848776097,36.327281829799844],[127.42584990923444,36.32838333323176],[127.4257411781222,36.328429014611906],[127.4256721199494,36.32844943675096],[127.42422074259554,36.32793457732443],[127.42344300552408,36.32764935045394],[127.42209537457177,36.32714792401874],[127.42202550271985,36.326986595696845],[127.42189624206623,36.32668600657134],[127.42139635022481,36.326174857225986],[127.41821633608484,36.32378140868151],[127.41674291649994,36.3231204224485],[127.41496990501369,36.32287066788816],[127.41541905002904,36.3238497609517],[127.41358055390612,36.32569246084407],[127.41305810307024,36.32607249697201],[127.41291636928486,36.32624812923623],[127.41285875517819,36.32643377393488],[127.41290072467096,36.32666441788962],[127.41301344344903,36.32678353904796],[127.41378153277708,36.327553551371885],[127.41342987159267,36.32922764664421],[127.41341957219585,36.3293664887448],[127.41340999738152,36.32972549391094],[127.41359185866551,36.330854327395315],[127.41394164181459,36.33187020616004],[127.41408278111672,36.33224522829843],[127.41422658338638,36.33262661345245],[127.41428856566716,36.33271445567328],[127.41430956276005,36.3327344209941],[127.4146497491046,36.33304001100958],[127.41495950360328,36.33328921477565],[127.41501245838323,36.33340280639378],[127.41370990490893,36.33431269280082],[127.4132733890208,36.33461760706858],[127.41857659097732,36.338637800654396],[127.42023538274861,36.337850657746245],[127.42128238966781,36.33728769269135],[127.42197816246976,36.33662006115498],[127.42210936647326,36.336494152441226],[127.42232964370655,36.3361284034981],[127.42387815113909,36.33425614185464],[127.42545192266293,36.332822956058074]]]]}},{"type":"Feature","properties":{"adm_nm":"대전광역시 중구 목동","adm_cd2":"3014055000","sgg":"30140","sido":"30","sidonm":"대전광역시","sggnm":"중구","adm_cd":"25020530","dong_code":"30140550","dong_name":"목동"},"geometry":{"type":"MultiPolygon","coordinates":[[[[127.4132733890208,36.33461760706858],[127.41370990490893,36.33431269280082],[127.41501245838323,36.33340280639378],[127.41495950360328,36.33328921477565],[127.4146497491046,36.33304001100958],[127.41430956276005,36.3327344209941],[127.41428856566716,36.33271445567328],[127.41422658338638,36.33262661345245],[127.41408278111672,36.33224522829843],[127.41394164181459,36.33187020616004],[127.41359185866551,36.330854327395315],[127.41340999738152,36.32972549391094],[127.41341957219585,36.3293664887448],[127.41342987159267,36.32922764664421],[127.41378153277708,36.327553551371885],[127.41140880860029,36.328325530010595],[127.41040275182432,36.32865445960814],[127.41001129859227,36.32879198373578],[127.40731465804443,36.33106598519725],[127.40310610077898,36.3347578159081],[127.40280885562717,36.335204794219464],[127.40265966595298,36.33552616859922],[127.40258732587148,36.33590663038001],[127.40414561096449,36.33758386997977],[127.40444431764014,36.33786096133768],[127.40876193900803,36.338095190860265],[127.4132733890208,36.33461760706858]]]]}},{"type":"Feature","properties":{"adm_nm":"대전광역시 중구 중촌동","adm_cd2":"3014056000","sgg":"30140","sido":"30","sidonm":"대전광역시","sggnm":"중구","adm_cd":"25020540","dong_code":"30140560","dong_name":"중촌동"},"geometry":{"type":"MultiPolygon","coordinates":[[[[127.41277071753848,36.343694952695245],[127.41321916994104,36.34268294633013],[127.41359973235637,36.34200506471033],[127.41389190327865,36.34148463476351],[127.41435975185613,36.341059611411715],[127.4151703145092,36.34032639775101],[127.4156912404104,36.33985517834641],[127.41603081480784,36.33954800752512],[127.41702273568002,36.33916883251624],[127.41751384640325,36.338997121122105],[127.41857659097732,36.338637800654396],[127.4132733890208,36.33461760706858],[127.40876193900803,36.338095190860265],[127.40444431764014,36.33786096133768],[127.40276059985196,36.337922137018786],[127.40195021350449,36.33818047921421],[127.40210454032601,36.33888405173139],[127.40327579128642,36.34590117769133],[127.40309454694106,36.3489608062529],[127.40289939795515,36.35008636998657],[127.40381115929485,36.34986181492881],[127.40482198540008,36.349612839673966],[127.40516037204127,36.349523566728266],[127.40753939918577,36.34889581628915],[127.40822903228495,36.348639561839896],[127.40861466363452,36.34849626254428],[127.409773700066,36.34779883443331],[127.41056098704745,36.347149284906536],[127.41087193245014,36.346880955155555],[127.41163300898538,36.345926326885454],[127.4116847481196,36.345861423463575],[127.41214240042304,36.34507600116324],[127.41229476539554,36.34481441075184],[127.41277071753848,36.343694952695245]]]]}},{"type":"Feature","properties":{"adm_nm":"대전광역시 중구 대흥동","adm_cd2":"3014057500","sgg":"30140","sido":"30","sidonm":"대전광역시","sggnm":"중구","adm_cd":"25020550","dong_code":"30140575","dong_name":"대흥동"},"geometry":{"type":"MultiPolygon","coordinates":[[[[127.4308743037643,36.32782929002738],[127.43254368103703,36.325773223031575],[127.43343894594321,36.32467078358262],[127.43087534426725,36.32406393999466],[127.43070100809754,36.32402206504588],[127.43058490351704,36.32395244525834],[127.43063375695644,36.32371525990605],[127.43063917365787,36.323688964069134],[127.43080457812401,36.323142562032004],[127.4308440032254,36.32302227991559],[127.43111943770056,36.32254335495777],[127.43137592176755,36.32021641640976],[127.43089941035404,36.31969211381566],[127.42944159067657,36.31914831063126],[127.42913119262806,36.31903252266339],[127.42854909602748,36.318817365664174],[127.42706830753882,36.31827001723558],[127.42576125249818,36.31800253077901],[127.41955716633753,36.317354005031056],[127.41871265200099,36.31761974960528],[127.41812128982949,36.31789395338228],[127.41779796768046,36.31820870376309],[127.41768906709432,36.31842456444683],[127.41812691032682,36.32117031848085],[127.41675719649608,36.3222545574989],[127.41674291649994,36.3231204224485],[127.41821633608484,36.32378140868151],[127.42139635022481,36.326174857225986],[127.42189624206623,36.32668600657134],[127.42202550271985,36.326986595696845],[127.42209537457177,36.32714792401874],[127.42344300552408,36.32764935045394],[127.42422074259554,36.32793457732443],[127.4256721199494,36.32844943675096],[127.4257411781222,36.328429014611906],[127.42584990923444,36.32838333323176],[127.42649848776097,36.327281829799844],[127.4308743037643,36.32782929002738]]]]}},{"type":"Feature","properties":{"adm_nm":"대전광역시 중구 문창동","adm_cd2":"3014060500","sgg":"30140","sido":"30","sidonm":"대전광역시","sggnm":"중구","adm_cd":"25020560","dong_code":"30140605","dong_name":"문창동"},"geometry":{"type":"MultiPolygon","coordinates":[[[[127.43803487398444,36.31838785874918],[127.44021980906199,36.31297140632301],[127.43887051058124,36.311215750612305],[127.43787635045419,36.31168938708055],[127.4349271708493,36.31309436687382],[127.43488752889044,36.31312196508281],[127.43561745668573,36.3134088729514],[127.4357559654866,36.31346331255091],[127.43658862371223,36.31379058050669],[127.43559470899831,36.315553409733106],[127.43272009456449,36.3205888346952],[127.43232915761304,36.32048530137298],[127.43137592176755,36.32021641640976],[127.43111943770056,36.32254335495777],[127.4308440032254,36.32302227991559],[127.43080457812401,36.323142562032004],[127.43063917365787,36.323688964069134],[127.43063375695644,36.32371525990605],[127.43058490351704,36.32395244525834],[127.43070100809754,36.32402206504588],[127.43087534426725,36.32406393999466],[127.43343894594321,36.32467078358262],[127.43456141269039,36.323242455766206],[127.43803487398444,36.31838785874918]]]]}},{"type":"Feature","properties":{"adm_nm":"대전광역시 중구 석교동","adm_cd2":"3014062000","sgg":"30140","sido":"30","sidonm":"대전광역시","sggnm":"중구","adm_cd":"25020570","dong_code":"30140620","dong_name":"석교동"},"geometry":{"type":"MultiPolygon","coordinates":[[[[127.45584676177457,36.300688790451375],[127.4561743894435,36.29899443232565],[127.45722541480593,36.2945275942573],[127.45751642867843,36.29413902991338],[127.45782865292266,36.2940384057524],[127.45616217180759,36.29285705798612],[127.45326780946574,36.29334870583652],[127.45250396177259,36.293481320387954],[127.45124064051275,36.29386946650549],[127.44863880190131,36.29484073032972],[127.44722640388878,36.29594140698273],[127.44622656581109,36.296508631233245],[127.44320034864033,36.29642333104448],[127.44185436721239,36.296194005120896],[127.44091640534467,36.29584603490124],[127.44041110254656,36.29507048385997],[127.43770866939722,36.292716235241095],[127.43266377056494,36.29108314632373],[127.43102931277419,36.291513050290156],[127.43019860086483,36.29134163702511],[127.42817096477437,36.291575262993966],[127.42662817358462,36.2921792799575],[127.42634166262722,36.29232938319395],[127.4257471615824,36.292909196308024],[127.42518774627997,36.293600669991356],[127.42538585036888,36.2941031247329],[127.42534113535862,36.29433621415965],[127.42460839482202,36.294860604199236],[127.42427629444623,36.295085392291426],[127.42259211487665,36.29607900249911],[127.42231097132813,36.29613799786664],[127.42428115451352,36.29758053180763],[127.42808039465875,36.29756703720371],[127.42952302187864,36.297312215050546],[127.4305052286074,36.30002668372823],[127.42840807536444,36.30110096082212],[127.42793888784743,36.30245500430891],[127.42958696148102,36.30394016494977],[127.43056402860466,36.304455208552],[127.43223445221265,36.30556062218105],[127.43543845886126,36.30772706520426],[127.43747621686356,36.309421569494795],[127.43845559845079,36.31067106985007],[127.43884998641694,36.31118578260027],[127.43887051058124,36.311215750612305],[127.44021980906199,36.31297140632301],[127.44306434329593,36.311248809490486],[127.4448571418554,36.311328216120025],[127.4461399766836,36.3108695184721],[127.44663394184565,36.31050454116502],[127.4468199709123,36.31022917245947],[127.44693974128752,36.31005188407022],[127.4473552849962,36.30943677779094],[127.44738829052824,36.30938793024254],[127.44843802812724,36.30792552902532],[127.4508475575176,36.30492055183125],[127.45174064463126,36.30398725862925],[127.45508333243056,36.30113227461837],[127.45584676177457,36.300688790451375]]]]}},{"type":"Feature","properties":{"adm_nm":"대전광역시 중구 대사동","adm_cd2":"3014063000","sgg":"30140","sido":"30","sidonm":"대전광역시","sggnm":"중구","adm_cd":"25020580","dong_code":"30140630","dong_name":"대사동"},"geometry":{"type":"MultiPolygon","coordinates":[[[[127.43089941035404,36.31969211381566],[127.43099454725404,36.31961977553166],[127.4314936141995,36.319173875734265],[127.43138653676705,36.31882812909424],[127.43062886389716,36.31687995970629],[127.42845630436264,36.31368619798745],[127.42837795487844,36.31205648857044],[127.4272196840043,36.30945208973647],[127.42599432186542,36.30837032873551],[127.42715215195135,36.30476536736322],[127.42793888784743,36.30245500430891],[127.42840807536444,36.30110096082212],[127.4305052286074,36.30002668372823],[127.42952302187864,36.297312215050546],[127.42808039465875,36.29756703720371],[127.42428115451352,36.29758053180763],[127.42231097132813,36.29613799786664],[127.42168669789078,36.29612003925209],[127.42219312065781,36.2977467766537],[127.42367810205403,36.298842361423475],[127.42230750766593,36.30077077807291],[127.41995263556096,36.302180597306226],[127.41686019671691,36.30332625182656],[127.41667441347444,36.303873343392155],[127.41588542655872,36.30988911344616],[127.416749742554,36.31158273582677],[127.41728040530556,36.312494447453766],[127.41757725972394,36.31294167913913],[127.41546708868697,36.31528008993109],[127.41531446693314,36.315297393478566],[127.41488326091671,36.315378312968086],[127.41408700819237,36.31570280317592],[127.41432826797835,36.31785514228176],[127.4146838466355,36.318746821020675],[127.41588889146517,36.32169225433523],[127.41675719649608,36.3222545574989],[127.41812691032682,36.32117031848085],[127.41768906709432,36.31842456444683],[127.41779796768046,36.31820870376309],[127.41812128982949,36.31789395338228],[127.41871265200099,36.31761974960528],[127.41955716633753,36.317354005031056],[127.42576125249818,36.31800253077901],[127.42706830753882,36.31827001723558],[127.42854909602748,36.318817365664174],[127.42913119262806,36.31903252266339],[127.42944159067657,36.31914831063126],[127.43089941035404,36.31969211381566]]]]}},{"type":"Feature","properties":{"adm_nm":"대전광역시 중구 부사동","adm_cd2":"3014064000","sgg":"30140","sido":"30","sidonm":"대전광역시","sggnm":"중구","adm_cd":"25020590","dong_code":"30140640","dong_name":"부사동"},"geometry":{"type":"MultiPolygon","coordinates":[[[[127.43887051058124,36.311215750612305],[127.43884998641694,36.31118578260027],[127.43845559845079,36.31067106985007],[127.43747621686356,36.309421569494795],[127.43543845886126,36.30772706520426],[127.43223445221265,36.30556062218105],[127.43056402860466,36.304455208552],[127.42958696148102,36.30394016494977],[127.42793888784743,36.30245500430891],[127.42715215195135,36.30476536736322],[127.42599432186542,36.30837032873551],[127.4272196840043,36.30945208973647],[127.42837795487844,36.31205648857044],[127.42845630436264,36.31368619798745],[127.43062886389716,36.31687995970629],[127.43138653676705,36.31882812909424],[127.4314936141995,36.319173875734265],[127.43099454725404,36.31961977553166],[127.43089941035404,36.31969211381566],[127.43137592176755,36.32021641640976],[127.43232915761304,36.32048530137298],[127.43272009456449,36.3205888346952],[127.43559470899831,36.315553409733106],[127.43658862371223,36.31379058050669],[127.4357559654866,36.31346331255091],[127.43561745668573,36.3134088729514],[127.43488752889044,36.31312196508281],[127.4349271708493,36.31309436687382],[127.43787635045419,36.31168938708055],[127.43887051058124,36.311215750612305]]]]}},{"type":"Feature","properties":{"adm_nm":"대전광역시 중구 용두동","adm_cd2":"3014065500","sgg":"30140","sido":"30","sidonm":"대전광역시","sggnm":"중구","adm_cd":"25020600","dong_code":"30140655","dong_name":"용두동"},"geometry":{"type":"MultiPolygon","coordinates":[[[[127.40444431764014,36.33786096133768],[127.40414561096449,36.33758386997977],[127.40258732587148,36.33590663038001],[127.40265966595298,36.33552616859922],[127.40280885562717,36.335204794219464],[127.40310610077898,36.3347578159081],[127.40731465804443,36.33106598519725],[127.41001129859227,36.32879198373578],[127.41040275182432,36.32865445960814],[127.41140880860029,36.328325530010595],[127.41378153277708,36.327553551371885],[127.41301344344903,36.32678353904796],[127.41290072467096,36.32666441788962],[127.41285875517819,36.32643377393488],[127.41291636928486,36.32624812923623],[127.41305810307024,36.32607249697201],[127.41358055390612,36.32569246084407],[127.41541905002904,36.3238497609517],[127.41496990501369,36.32287066788816],[127.4119458202728,36.32231749987335],[127.41199740542613,36.322627107830904],[127.41197579810132,36.3228594715589],[127.41180433646232,36.3230038376517],[127.41135245067484,36.323384308915365],[127.40852540739321,36.32576442167025],[127.4077507940811,36.32639609960644],[127.40424235696561,36.329250662416506],[127.39962323681131,36.33302233793488],[127.39858456330099,36.333877276692355],[127.39812614113083,36.334251782908915],[127.39765777250555,36.33463441795848],[127.40195021350449,36.33818047921421],[127.40276059985196,36.337922137018786],[127.40444431764014,36.33786096133768]]]]}},{"type":"Feature","properties":{"adm_nm":"대전광역시 중구 오류동","adm_cd2":"3014067000","sgg":"30140","sido":"30","sidonm":"대전광역시","sggnm":"중구","adm_cd":"25020620","dong_code":"30140670","dong_name":"오류동"},"geometry":{"type":"MultiPolygon","coordinates":[[[[127.4119458202728,36.32231749987335],[127.40363533606643,36.319880789984516],[127.40241735514876,36.323198521649246],[127.40239995906829,36.323431235940824],[127.40215945877117,36.32428664624978],[127.40166951215357,36.32584166982796],[127.4009230883956,36.327966178194956],[127.40033754068155,36.32963168142653],[127.39998996198746,36.33059041234403],[127.39962323681131,36.33302233793488],[127.40424235696561,36.329250662416506],[127.4077507940811,36.32639609960644],[127.40852540739321,36.32576442167025],[127.41135245067484,36.323384308915365],[127.41180433646232,36.3230038376517],[127.41197579810132,36.3228594715589],[127.41199740542613,36.322627107830904],[127.4119458202728,36.32231749987335]]]]}},{"type":"Feature","properties":{"adm_nm":"대전광역시 중구 태평1동","adm_cd2":"3014068000","sgg":"30140","sido":"30","sidonm":"대전광역시","sggnm":"중구","adm_cd":"25020630","dong_code":"30140680","dong_name":"태평1동"},"geometry":{"type":"MultiPolygon","coordinates":[[[[127.39962323681131,36.33302233793488],[127.39998996198746,36.33059041234403],[127.40033754068155,36.32963168142653],[127.4009230883956,36.327966178194956],[127.40166951215357,36.32584166982796],[127.40215945877117,36.32428664624978],[127.40239995906829,36.323431235940824],[127.40241735514876,36.323198521649246],[127.4012540045539,36.323128537654746],[127.39610372714246,36.32210094521452],[127.39507524609151,36.32504049403445],[127.39481390216687,36.32580965894877],[127.39801287677045,36.332733586851255],[127.39809281328513,36.3328935212831],[127.39858456330099,36.333877276692355],[127.39962323681131,36.33302233793488]]]]}},{"type":"Feature","properties":{"adm_nm":"대전광역시 중구 태평2동","adm_cd2":"3014069000","sgg":"30140","sido":"30","sidonm":"대전광역시","sggnm":"중구","adm_cd":"25020640","dong_code":"30140690","dong_name":"태평2동"},"geometry":{"type":"MultiPolygon","coordinates":[[[[127.39858456330099,36.333877276692355],[127.39809281328513,36.3328935212831],[127.39801287677045,36.332733586851255],[127.39481390216687,36.32580965894877],[127.39507524609151,36.32504049403445],[127.39610372714246,36.32210094521452],[127.39460300942993,36.321716447574566],[127.39314930008172,36.321319093630684],[127.39302392467825,36.32099607314416],[127.3921513423877,36.31874776364634],[127.39174881546226,36.31771054807455],[127.39143144376902,36.316892747306134],[127.39128446088614,36.316846404978186],[127.38876827742786,36.31621395901068],[127.38733105265278,36.31585268966922],[127.38674841833185,36.31570623287275],[127.38643505463635,36.31562746229912],[127.38590796827101,36.317151421743624],[127.385642945221,36.318113951967455],[127.3855533471749,36.318439408117236],[127.3855241070504,36.319061910103],[127.38557433085109,36.31942736908911],[127.3856741839909,36.31991254216539],[127.38568236652915,36.31994623804553],[127.38579483566049,36.32028698102399],[127.3859145533517,36.320560809073285],[127.3861484919487,36.320966919611486],[127.38970444693945,36.32647416097567],[127.39021218615574,36.327195357429225],[127.39368392374574,36.3307334736271],[127.39812614113083,36.334251782908915],[127.39858456330099,36.333877276692355]]]]}},{"type":"Feature","properties":{"adm_nm":"대전광역시 중구 유천1동","adm_cd2":"3014070000","sgg":"30140","sido":"30","sidonm":"대전광역시","sggnm":"중구","adm_cd":"25020650","dong_code":"30140700","dong_name":"유천1동"},"geometry":{"type":"MultiPolygon","coordinates":[[[[127.39795416366775,36.312399453495466],[127.39610235260751,36.31192068590882],[127.39435639781145,36.3114692541008],[127.39261847867937,36.31102698534775],[127.39179356663122,36.31341927859154],[127.39163589080715,36.31387656068321],[127.39074590766573,36.313559214915124],[127.39064117149569,36.3135218672435],[127.38935562411214,36.313063443312686],[127.3887273569929,36.3126543008498],[127.38668858561108,36.312590282756545],[127.38643505463635,36.31562746229912],[127.38674841833185,36.31570623287275],[127.38733105265278,36.31585268966922],[127.38876827742786,36.31621395901068],[127.39128446088614,36.316846404978186],[127.39143144376902,36.316892747306134],[127.39174881546226,36.31771054807455],[127.3921513423877,36.31874776364634],[127.39302392467825,36.32099607314416],[127.39314930008172,36.321319093630684],[127.39460300942993,36.321716447574566],[127.3972532580922,36.314374890243194],[127.39795416366775,36.312399453495466]]]]}},{"type":"Feature","properties":{"adm_nm":"대전광역시 중구 유천2동","adm_cd2":"3014071000","sgg":"30140","sido":"30","sidonm":"대전광역시","sggnm":"중구","adm_cd":"25020660","dong_code":"30140710","dong_name":"유천2동"},"geometry":{"type":"MultiPolygon","coordinates":[[[[127.40363533606643,36.319880789984516],[127.40236656055433,36.31371849977592],[127.39795416366775,36.312399453495466],[127.3972532580922,36.314374890243194],[127.39460300942993,36.321716447574566],[127.39610372714246,36.32210094521452],[127.4012540045539,36.323128537654746],[127.40241735514876,36.323198521649246],[127.40363533606643,36.319880789984516]]]]}},{"type":"Feature","properties":{"adm_nm":"대전광역시 중구 문화1동","adm_cd2":"3014072000","sgg":"30140","sido":"30","sidonm":"대전광역시","sggnm":"중구","adm_cd":"25020670","dong_code":"30140720","dong_name":"문화1동"},"geometry":{"type":"MultiPolygon","coordinates":[[[[127.41675719649608,36.3222545574989],[127.41588889146517,36.32169225433523],[127.4146838466355,36.318746821020675],[127.41432826797835,36.31785514228176],[127.41408700819237,36.31570280317592],[127.41488326091671,36.315378312968086],[127.41531446693314,36.315297393478566],[127.41546708868697,36.31528008993109],[127.41757725972394,36.31294167913913],[127.41728040530556,36.312494447453766],[127.416749742554,36.31158273582677],[127.41588542655872,36.30988911344616],[127.41667441347444,36.303873343392155],[127.41686019671691,36.30332625182656],[127.41995263556096,36.302180597306226],[127.42230750766593,36.30077077807291],[127.42367810205403,36.298842361423475],[127.42219312065781,36.2977467766537],[127.42168669789078,36.29612003925209],[127.41968751964279,36.29842688761441],[127.41898561649646,36.29887794863343],[127.41199607645221,36.30173989476388],[127.4094910592694,36.30262415939503],[127.40945864737614,36.30601217269383],[127.41052330959081,36.30668757095428],[127.4097432094483,36.30820081026725],[127.40787793624743,36.30943034150788],[127.40488573847723,36.311479484360525],[127.40432596515485,36.312664900996225],[127.40455144493522,36.31338461295944],[127.40467097745257,36.31376615005427],[127.40365918176586,36.31411633539579],[127.40236656055433,36.31371849977592],[127.40363533606643,36.319880789984516],[127.4119458202728,36.32231749987335],[127.41496990501369,36.32287066788816],[127.41674291649994,36.3231204224485],[127.41675719649608,36.3222545574989]]]]}},{"type":"Feature","properties":{"adm_nm":"대전광역시 중구 문화2동","adm_cd2":"3014073000","sgg":"30140","sido":"30","sidonm":"대전광역시","sggnm":"중구","adm_cd":"25020680","dong_code":"30140730","dong_name":"문화2동"},"geometry":{"type":"MultiPolygon","coordinates":[[[[127.4094910592694,36.30262415939503],[127.40808929161616,36.30210190485484],[127.4031982721844,36.30158568046738],[127.40146541088579,36.301703655177974],[127.40046117117603,36.30193131447921],[127.39986345514961,36.30245019740335],[127.3995151734265,36.302752540550465],[127.39601944975374,36.30615885721227],[127.39465264367433,36.30784436432565],[127.39521098759266,36.30867243321231],[127.39672229196997,36.31010365644579],[127.39610235260751,36.31192068590882],[127.39795416366775,36.312399453495466],[127.40236656055433,36.31371849977592],[127.40365918176586,36.31411633539579],[127.40467097745257,36.31376615005427],[127.40455144493522,36.31338461295944],[127.40432596515485,36.312664900996225],[127.40488573847723,36.311479484360525],[127.40787793624743,36.30943034150788],[127.4097432094483,36.30820081026725],[127.41052330959081,36.30668757095428],[127.40945864737614,36.30601217269383],[127.4094910592694,36.30262415939503]]]]}},{"type":"Feature","properties":{"adm_nm":"대전광역시 중구 산성동","adm_cd2":"3014074000","sgg":"30140","sido":"30","sidonm":"대전광역시","sggnm":"중구","adm_cd":"25020690","dong_code":"30140740","dong_name":"산성동"},"geometry":{"type":"MultiPolygon","coordinates":[[[[127.39610235260751,36.31192068590882],[127.39672229196997,36.31010365644579],[127.39521098759266,36.30867243321231],[127.39465264367433,36.30784436432565],[127.39601944975374,36.30615885721227],[127.3995151734265,36.302752540550465],[127.39986345514961,36.30245019740335],[127.40046117117603,36.30193131447921],[127.40146541088579,36.301703655177974],[127.4031982721844,36.30158568046738],[127.40808929161616,36.30210190485484],[127.4094910592694,36.30262415939503],[127.41199607645221,36.30173989476388],[127.41898561649646,36.29887794863343],[127.41968751964279,36.29842688761441],[127.42168669789078,36.29612003925209],[127.42231097132813,36.29613799786664],[127.42259211487665,36.29607900249911],[127.42427629444623,36.295085392291426],[127.42460839482202,36.294860604199236],[127.42534113535862,36.29433621415965],[127.42538585036888,36.2941031247329],[127.42518774627997,36.293600669991356],[127.4257471615824,36.292909196308024],[127.42634166262722,36.29232938319395],[127.42662817358462,36.2921792799575],[127.42817096477437,36.291575262993966],[127.43019860086483,36.29134163702511],[127.43102931277419,36.291513050290156],[127.43061155725721,36.290095119774925],[127.4307940412063,36.284775557077275],[127.43274905756931,36.282942271441605],[127.43386336745137,36.28245727123618],[127.43446869818217,36.28219996355759],[127.43512343843078,36.28215100387211],[127.43525470276653,36.28134261840461],[127.43421660162481,36.280509991622395],[127.43317852141831,36.27967735843943],[127.43214046660384,36.27884471435138],[127.43374202077976,36.275456647973776],[127.43521682357044,36.275143831904906],[127.43669161462411,36.27483099221192],[127.43912321075959,36.26993036939894],[127.43887671180302,36.26899485024697],[127.43863021759603,36.26805933315002],[127.43458594464349,36.26493866371932],[127.42964107579652,36.26093591294372],[127.42977977402228,36.260036266976996],[127.43019583950529,36.25733731555137],[127.4294281673578,36.256652888347574],[127.42866050414828,36.25596845615085],[127.42789285766499,36.25528402257241],[127.42712522346146,36.254599580397496],[127.42718405174446,36.25459406444111],[127.42853852263748,36.254467101952194],[127.43124745134934,36.25421313184391],[127.43260190916628,36.25408612422495],[127.43352900850056,36.25409246162186],[127.43671010495032,36.252944497496806],[127.43549129102942,36.25174554665117],[127.43498931708488,36.251513085395175],[127.43477745354679,36.251322156576954],[127.43480192728666,36.2509812941626],[127.43531023716375,36.24997840192788],[127.43897637678732,36.24585437756128],[127.43918591419367,36.24562997487981],[127.4398023203794,36.2451271924385],[127.4403539648674,36.24482698509678],[127.44097215267745,36.2446436769291],[127.44202196847037,36.24390500966934],[127.44234438945706,36.242668482715864],[127.44243456879202,36.242306076501606],[127.44290176861448,36.238704854719856],[127.44051181403806,36.237712596362975],[127.43907333301465,36.237249285554945],[127.43830775639145,36.23697519812212],[127.43755470353715,36.236583916916246],[127.43742910387981,36.23531709374854],[127.43753692703476,36.23385795360445],[127.43763785352496,36.232579419665406],[127.43764923535082,36.23225989047589],[127.43676045142956,36.23113429423631],[127.43413438455725,36.2278744354306],[127.4336588692436,36.22763121136258],[127.43334380492236,36.22752073221583],[127.43311778314312,36.22744147708191],[127.43168128232287,36.22729756092372],[127.43104912373198,36.22731047379263],[127.42959103923117,36.22803986477081],[127.42931542976787,36.22822188768065],[127.4290273363444,36.22853176084814],[127.42810803626081,36.22903556617859],[127.42762150590505,36.22918639139681],[127.42464325573135,36.22893072591062],[127.4239767636732,36.22789332489919],[127.42381745424635,36.227229720599304],[127.42372302409697,36.226814731904206],[127.42377393390487,36.226484417437156],[127.42391652689572,36.226057934146944],[127.4241122529514,36.2257164627186],[127.42479601233039,36.22550105008123],[127.42530761387611,36.225115857062974],[127.4257009605452,36.22478432866834],[127.42583687276043,36.22312254142266],[127.42603147732426,36.217701266635885],[127.4260376913923,36.216412651554805],[127.42543805046779,36.215115549805326],[127.42536065152919,36.21297527562846],[127.42597339614846,36.21182296120817],[127.42606333058497,36.211407307337474],[127.42581099070506,36.21101417277564],[127.42530856155972,36.21064322976851],[127.42430465590397,36.21007170713764],[127.4228367987122,36.20892672830609],[127.42235996232613,36.20829486893339],[127.42108775028164,36.20814854627569],[127.4201097166635,36.207925784805205],[127.41973499573578,36.207437037592435],[127.419640762249,36.207211178835124],[127.41954091771079,36.20718459138066],[127.41950102150506,36.20717397118918],[127.41934630419499,36.20723733615378],[127.41696439964096,36.208351419223796],[127.41518613731509,36.20927488341003],[127.41441417064203,36.20990583872343],[127.4131008891917,36.21080253114905],[127.41214269656197,36.21140897966033],[127.41186403774466,36.211497895996935],[127.4113683165344,36.21158755809876],[127.41099804177009,36.2116388697932],[127.4109034673794,36.21165197214794],[127.4103455949665,36.21171670872276],[127.41011340084675,36.21179290137601],[127.40986772605463,36.211931013531164],[127.40827470423427,36.21305573965577],[127.40905861213663,36.21471175146461],[127.40915256516428,36.21488735958763],[127.4095275326466,36.21542641146865],[127.40991655813359,36.21568896108557],[127.41019718524495,36.215977017155026],[127.41058753407968,36.21649088393306],[127.4107341349198,36.21670260426659],[127.4109000173383,36.216942180789296],[127.41090041026085,36.217017578658925],[127.41088673573032,36.21736946679851],[127.41087195377919,36.21750774357285],[127.4097787981373,36.2190193599904],[127.40846816538142,36.220468901402356],[127.40746524157922,36.22145242704218],[127.40723314532195,36.22155374774526],[127.40455624290281,36.22271884256039],[127.40223614231626,36.2269612909801],[127.40135605711288,36.2294787156972],[127.40070761003412,36.23136442253738],[127.40057032300722,36.23181723468425],[127.39725661151124,36.232896341016115],[127.39434349991258,36.23345882719507],[127.38856257001491,36.23435727441048],[127.38788067464492,36.23447257238722],[127.38786243317156,36.234506714443334],[127.38777308783587,36.234673972555086],[127.38769942880971,36.235840381187444],[127.38783315245063,36.23742567494745],[127.3880049567285,36.23766385894144],[127.3884986055797,36.23799188038664],[127.39040198143378,36.23933991479773],[127.3904443338044,36.23940409401638],[127.39054263985693,36.23955306364354],[127.3906213129739,36.23977899565037],[127.39111688502157,36.2427428889487],[127.39110801111931,36.24282574210271],[127.39110206560171,36.24288116803989],[127.39066978126192,36.24329723643404],[127.39025269883061,36.243650438977035],[127.38980377921645,36.24384037929622],[127.38960653804811,36.243986804167356],[127.3894637565287,36.244092800928684],[127.38878455722116,36.24477355384527],[127.38824435749856,36.24532818863604],[127.38782854579469,36.24594524872248],[127.3863939696983,36.25076254100474],[127.38654326630045,36.25273488763872],[127.38694982930426,36.25338699094848],[127.38744832481109,36.25380004983747],[127.38774390048904,36.253962455220375],[127.38813311472506,36.25423764101696],[127.38850238834864,36.2548830135822],[127.38851640334538,36.254908383793264],[127.3886185827184,36.25515336397263],[127.38997334668072,36.25929565963727],[127.39041518127617,36.26078953746808],[127.39037468127336,36.26200854086668],[127.38970293093185,36.26422228744721],[127.38938026279132,36.26486417900619],[127.38908737665018,36.265254661979824],[127.38900217950452,36.26533194979325],[127.38880932214092,36.26550687947159],[127.38825984779443,36.265877404583705],[127.38484982901899,36.268120732716696],[127.38438560959203,36.26838609798743],[127.38292648306805,36.26887126048852],[127.38165844072181,36.2691864361027],[127.37993948770132,36.26990813008521],[127.3788102331903,36.270640502838155],[127.37854765461606,36.270892652380354],[127.37811453603278,36.27118303020464],[127.37757275329649,36.271461172078936],[127.37668770345516,36.2713508611988],[127.37240870085213,36.272180988003676],[127.37272185023775,36.27366249141131],[127.37279037942521,36.27448355670664],[127.37272678606888,36.27470509060913],[127.37128149471614,36.27742969306453],[127.36929110585139,36.28188590123634],[127.36923864379519,36.282951975846444],[127.3703560372787,36.288365483949036],[127.3720293612462,36.29127846535011],[127.37342527082552,36.29323703874367],[127.37458124242869,36.29308200927777],[127.37838804211998,36.29287788109985],[127.37850319084282,36.293005169844],[127.38067889416175,36.29541232414777],[127.38115465923863,36.295938697787754],[127.3812598253871,36.296122116068105],[127.38253146736814,36.29833990699977],[127.38290139414073,36.299055162893964],[127.38292178187103,36.29917860758428],[127.38304945408039,36.29995168519134],[127.38273750280419,36.3008147358792],[127.38223022088711,36.30183324299013],[127.3821476507878,36.30199900233833],[127.38169145202097,36.30291493587069],[127.38167186658691,36.30435354732984],[127.38166496799884,36.304860454730715],[127.38212510100273,36.30639087544489],[127.3832806089238,36.30757542099963],[127.38450327987906,36.308734818231315],[127.38668858561108,36.312590282756545],[127.3887273569929,36.3126543008498],[127.38935562411214,36.313063443312686],[127.39064117149569,36.3135218672435],[127.39074590766573,36.313559214915124],[127.39163589080715,36.31387656068321],[127.39179356663122,36.31341927859154],[127.39261847867937,36.31102698534775],[127.39435639781145,36.3114692541008],[127.39610235260751,36.31192068590882]]]]}},{"type":"Feature","properties":{"adm_nm":"대전광역시 서구 복수동","adm_cd2":"3017051000","sgg":"30170","sido":"30","sidonm":"대전광역시","sggnm":"서구","adm_cd":"25030510","dong_code":"30170510","dong_name":"복수동"},"geometry":{"type":"MultiPolygon","coordinates":[[[[127.37990961031542,36.3109832294025],[127.38195426873077,36.31018296475351],[127.38450327987906,36.308734818231315],[127.3832806089238,36.30757542099963],[127.38212510100273,36.30639087544489],[127.38166496799884,36.304860454730715],[127.38167186658691,36.30435354732984],[127.38169145202097,36.30291493587069],[127.3821476507878,36.30199900233833],[127.38223022088711,36.30183324299013],[127.38273750280419,36.3008147358792],[127.38304945408039,36.29995168519134],[127.38292178187103,36.29917860758428],[127.38290139414073,36.299055162893964],[127.38253146736814,36.29833990699977],[127.3812598253871,36.296122116068105],[127.38115465923863,36.295938697787754],[127.38067889416175,36.29541232414777],[127.37850319084282,36.293005169844],[127.37838804211998,36.29287788109985],[127.37458124242869,36.29308200927777],[127.37342527082552,36.29323703874367],[127.37324100269485,36.293388910600775],[127.37182466436282,36.29479962373278],[127.3705398050181,36.297570455913316],[127.3707388634847,36.298561834883046],[127.37098076020177,36.299454411108286],[127.37141452628298,36.30238231762185],[127.37134449017857,36.30457273783099],[127.37109755697897,36.30618710042915],[127.37105041564844,36.30621453236775],[127.37021687982786,36.30669958255266],[127.37122099876086,36.30886318912419],[127.37221658450227,36.309943510211255],[127.37689183291592,36.31090335618786],[127.37693447236555,36.31091147885074],[127.37762256578506,36.31104245331878],[127.37790414182729,36.31107198199665],[127.37820434550112,36.311103462808546],[127.37859205889278,36.31111533387186],[127.37924991963317,36.31108784935224],[127.37928964073119,36.31108454292385],[127.37973521320887,36.31102794030514],[127.37990961031542,36.3109832294025]]]]}},{"type":"Feature","properties":{"adm_nm":"대전광역시 서구 도마1동","adm_cd2":"3017052000","sgg":"30170","sido":"30","sidonm":"대전광역시","sggnm":"서구","adm_cd":"25030520","dong_code":"30170520","dong_name":"도마1동"},"geometry":{"type":"MultiPolygon","coordinates":[[[[127.3861484919487,36.320966919611486],[127.3859145533517,36.320560809073285],[127.38579483566049,36.32028698102399],[127.38568236652915,36.31994623804553],[127.3856741839909,36.31991254216539],[127.38557433085109,36.31942736908911],[127.3855241070504,36.319061910103],[127.3855533471749,36.318439408117236],[127.385642945221,36.318113951967455],[127.38590796827101,36.317151421743624],[127.38643505463635,36.31562746229912],[127.38668858561108,36.312590282756545],[127.38450327987906,36.308734818231315],[127.38195426873077,36.31018296475351],[127.37990961031542,36.3109832294025],[127.37995385060687,36.31130976723319],[127.379964112926,36.311385559762556],[127.38005880972766,36.31307114597481],[127.38005990946951,36.31311097019387],[127.37769831807897,36.31923409547065],[127.37678419729922,36.31924515990088],[127.37483548660676,36.31926871490792],[127.37358163937748,36.31927766497564],[127.37279663310404,36.31928326113124],[127.37210505386643,36.31928818130503],[127.37146985702188,36.31929270103098],[127.37021680375352,36.321941582137775],[127.37033001786678,36.32462359836366],[127.37035470973584,36.3251101329285],[127.3703604425845,36.32522273666494],[127.37040640959864,36.326122873296136],[127.37060018058202,36.32796354370053],[127.3706308248846,36.32805305513718],[127.37304129420332,36.32771310435137],[127.37410214044307,36.32833451414497],[127.37466599675183,36.32812319334441],[127.37470504291439,36.32810854812525],[127.37492461527007,36.327555376841005],[127.37489003948563,36.32671831617354],[127.37509958337803,36.32238548020572],[127.38262863331656,36.321459572632186],[127.3861484919487,36.320966919611486]]]]}},{"type":"Feature","properties":{"adm_nm":"대전광역시 서구 도마2동","adm_cd2":"3017053000","sgg":"30170","sido":"30","sidonm":"대전광역시","sggnm":"서구","adm_cd":"25030530","dong_code":"30170530","dong_name":"도마2동"},"geometry":{"type":"MultiPolygon","coordinates":[[[[127.36368176559141,36.33128890832827],[127.36379059510976,36.33049859673102],[127.36396641775329,36.32974031551491],[127.36404961791048,36.32953894576557],[127.36416910989479,36.329249740102725],[127.36445606199008,36.328753120370564],[127.36451997927787,36.328682883218484],[127.36537141612146,36.32775965433836],[127.3654607206999,36.32773905273273],[127.36592474531676,36.3278031645572],[127.36646345992871,36.327895391564965],[127.36723930102053,36.32814260187217],[127.36738487909656,36.32820542260305],[127.3706418568907,36.32841195379176],[127.37079486337264,36.32838146317784],[127.37083301968161,36.32837385932315],[127.3706308248846,36.32805305513718],[127.37060018058202,36.32796354370053],[127.37040640959864,36.326122873296136],[127.3703604425845,36.32522273666494],[127.37035470973584,36.3251101329285],[127.37033001786678,36.32462359836366],[127.37021680375352,36.321941582137775],[127.37146985702188,36.31929270103098],[127.37210505386643,36.31928818130503],[127.37279663310404,36.31928326113124],[127.37358163937748,36.31927766497564],[127.37483548660676,36.31926871490792],[127.37678419729922,36.31924515990088],[127.37769831807897,36.31923409547065],[127.38005990946951,36.31311097019387],[127.38005880972766,36.31307114597481],[127.379964112926,36.311385559762556],[127.37995385060687,36.31130976723319],[127.37990961031542,36.3109832294025],[127.37973521320887,36.31102794030514],[127.37928964073119,36.31108454292385],[127.37924991963317,36.31108784935224],[127.37859205889278,36.31111533387186],[127.37820434550112,36.311103462808546],[127.37790414182729,36.31107198199665],[127.37762256578506,36.31104245331878],[127.37693447236555,36.31091147885074],[127.37689183291592,36.31090335618786],[127.37221658450227,36.309943510211255],[127.36926569351971,36.30998359212993],[127.36895704656166,36.31303071648389],[127.36904623144531,36.31338412575906],[127.36505521815855,36.31704186762317],[127.36471047341527,36.31727335824469],[127.36439380707067,36.31748399991673],[127.36195737873085,36.318979135562195],[127.35995259325287,36.31929528177673],[127.35883307226023,36.31947045507034],[127.35843973257151,36.31952817475049],[127.35817529941683,36.319784236465495],[127.35948245273944,36.32170408356532],[127.35957354538175,36.323230542269194],[127.35962229374204,36.32492654936296],[127.35950152339333,36.3254064853442],[127.35948983144235,36.325530744099616],[127.35944737284092,36.326493648189455],[127.35973227569575,36.32776937406524],[127.36006934853796,36.32817508355478],[127.36165173134133,36.33007965756255],[127.36202694961543,36.33070606738874],[127.36221553507377,36.33101280078107],[127.36249260216994,36.33138278882174],[127.36253949563279,36.331422447573864],[127.36256792877549,36.33143990350302],[127.36286420676775,36.33155833700773],[127.3629505734408,36.33156650488601],[127.36312009375109,36.33152214666271],[127.36318085503879,36.33149498240282],[127.36321574316376,36.331465188453045],[127.3632447710753,36.33142867669707],[127.36368176559141,36.33128890832827]]]]}},{"type":"Feature","properties":{"adm_nm":"대전광역시 서구 정림동","adm_cd2":"3017053500","sgg":"30170","sido":"30","sidonm":"대전광역시","sggnm":"서구","adm_cd":"25030540","dong_code":"30170535","dong_name":"정림동"},"geometry":{"type":"MultiPolygon","coordinates":[[[[127.37221658450227,36.309943510211255],[127.37122099876086,36.30886318912419],[127.37021687982786,36.30669958255266],[127.37105041564844,36.30621453236775],[127.37109755697897,36.30618710042915],[127.37134449017857,36.30457273783099],[127.37141452628298,36.30238231762185],[127.37098076020177,36.299454411108286],[127.3707388634847,36.298561834883046],[127.3705398050181,36.297570455913316],[127.37182466436282,36.29479962373278],[127.37324100269485,36.293388910600775],[127.37342527082552,36.29323703874367],[127.3720293612462,36.29127846535011],[127.3703560372787,36.288365483949036],[127.36923864379519,36.282951975846444],[127.36929110585139,36.28188590123634],[127.37128149471614,36.27742969306453],[127.37272678606888,36.27470509060913],[127.37279037942521,36.27448355670664],[127.37272185023775,36.27366249141131],[127.37240870085213,36.272180988003676],[127.37179644666912,36.27068756289394],[127.37157772607513,36.27037409720127],[127.37101701993068,36.26993602967162],[127.36669763619122,36.268755561041246],[127.36627879108882,36.26878196788788],[127.36505508854624,36.269250619084204],[127.36369195989609,36.26976995459053],[127.36334993898943,36.269632762661935],[127.36271170119772,36.26919489574882],[127.36182789955019,36.26596817812528],[127.36101412797751,36.26446274244566],[127.35997126674913,36.26518657808419],[127.35974784215644,36.266234535454586],[127.35899665949981,36.26833314804492],[127.35809301914746,36.27036881004266],[127.35650042041452,36.27148244514862],[127.35414755597188,36.27272150375161],[127.35164024731287,36.2734681335312],[127.35110631691121,36.27316167158716],[127.34631137433335,36.27492532931785],[127.35291595566693,36.27587325971643],[127.35444040453179,36.27613377829405],[127.35552545684567,36.27682192144342],[127.35659652009623,36.277556210885486],[127.35692599051438,36.278004610865096],[127.35695592860743,36.278327151521836],[127.35695817462087,36.27882262259556],[127.35676236357743,36.27959521345304],[127.35670964218036,36.280528707585525],[127.35678605339609,36.28168073988485],[127.35692325006092,36.28277403468832],[127.35719765582493,36.28496062685533],[127.35766444716793,36.28867994586797],[127.35788317819892,36.29042260356816],[127.35791666488376,36.290689345218254],[127.35847332073728,36.29227072114848],[127.35947909153154,36.294249597406555],[127.36053186959523,36.29627034049126],[127.36111495169924,36.29710041259244],[127.36154956146302,36.29771913024951],[127.36213301641195,36.29958812951948],[127.36226090693143,36.300666760446546],[127.36222477310965,36.30190071378257],[127.36191004376273,36.30351324883819],[127.36119622243869,36.304542500051774],[127.35996309127535,36.3056806957141],[127.35981083469747,36.3058212281025],[127.35968925440935,36.305938670705494],[127.35901483667494,36.306590136921386],[127.35725358167544,36.308291390572506],[127.35625353516696,36.31028665260618],[127.35474690010545,36.31398910108186],[127.35686554425561,36.31683459075923],[127.35792426608187,36.31746731981613],[127.35817529941683,36.319784236465495],[127.35843973257151,36.31952817475049],[127.35883307226023,36.31947045507034],[127.35995259325287,36.31929528177673],[127.36195737873085,36.318979135562195],[127.36439380707067,36.31748399991673],[127.36471047341527,36.31727335824469],[127.36505521815855,36.31704186762317],[127.36904623144531,36.31338412575906],[127.36895704656166,36.31303071648389],[127.36926569351971,36.30998359212993],[127.37221658450227,36.309943510211255]]]]}},{"type":"Feature","properties":{"adm_nm":"대전광역시 서구 변동","adm_cd2":"3017054000","sgg":"30170","sido":"30","sidonm":"대전광역시","sggnm":"서구","adm_cd":"25030550","dong_code":"30170540","dong_name":"변동"},"geometry":{"type":"MultiPolygon","coordinates":[[[[127.38123343151115,36.32871433092188],[127.3847182019555,36.32828248437507],[127.3851216028072,36.32820431129343],[127.38547201715156,36.328120940074605],[127.38582001951323,36.32799645059098],[127.38970444693945,36.32647416097567],[127.3861484919487,36.320966919611486],[127.38262863331656,36.321459572632186],[127.37509958337803,36.32238548020572],[127.37489003948563,36.32671831617354],[127.37492461527007,36.327555376841005],[127.37470504291439,36.32810854812525],[127.37466599675183,36.32812319334441],[127.37410214044307,36.32833451414497],[127.37304129420332,36.32771310435137],[127.3706308248846,36.32805305513718],[127.37083301968161,36.32837385932315],[127.37079486337264,36.32838146317784],[127.3706418568907,36.32841195379176],[127.36738487909656,36.32820542260305],[127.36723930102053,36.32814260187217],[127.36646345992871,36.327895391564965],[127.36592474531676,36.3278031645572],[127.3654607206999,36.32773905273273],[127.36537141612146,36.32775965433836],[127.36451997927787,36.328682883218484],[127.36445606199008,36.328753120370564],[127.36416910989479,36.329249740102725],[127.36404961791048,36.32953894576557],[127.36396641775329,36.32974031551491],[127.36379059510976,36.33049859673102],[127.36368176559141,36.33128890832827],[127.36408858016841,36.335022953063024],[127.3669153961314,36.335029812483235],[127.36775545106163,36.33435028358151],[127.36825669935384,36.33396191678856],[127.3722102630358,36.33112196739604],[127.37585922148834,36.329981492375225],[127.37609345543132,36.330304022068496],[127.37611105910331,36.33032840273826],[127.37629569627491,36.330622696534526],[127.3765646654469,36.33100780672416],[127.37678165729871,36.33131264064158],[127.37715446962436,36.331118137673236],[127.37811959648798,36.33056966358646],[127.37948114580077,36.329772354680806],[127.38103367175786,36.32884677646595],[127.38123343151115,36.32871433092188]]]]}},{"type":"Feature","properties":{"adm_nm":"대전광역시 서구 용문동","adm_cd2":"3017055000","sgg":"30170","sido":"30","sidonm":"대전광역시","sggnm":"서구","adm_cd":"25030560","dong_code":"30170550","dong_name":"용문동"},"geometry":{"type":"MultiPolygon","coordinates":[[[[127.40195021350449,36.33818047921421],[127.39765777250555,36.33463441795848],[127.39812614113083,36.334251782908915],[127.39368392374574,36.3307334736271],[127.3868667096315,36.33641834872801],[127.39134930833254,36.3398811293638],[127.3921219919174,36.33925390664478],[127.39259693808616,36.33886836952395],[127.39283173986993,36.33867777146949],[127.3933161186079,36.338429362776225],[127.39964449329715,36.3432957183514],[127.40327579128642,36.34590117769133],[127.40210454032601,36.33888405173139],[127.40195021350449,36.33818047921421]]]]}},{"type":"Feature","properties":{"adm_nm":"대전광역시 서구 탄방동","adm_cd2":"3017055500","sgg":"30170","sido":"30","sidonm":"대전광역시","sggnm":"서구","adm_cd":"25030570","dong_code":"30170555","dong_name":"탄방동"},"geometry":{"type":"MultiPolygon","coordinates":[[[[127.39524746401229,36.348982614423655],[127.40309454694106,36.3489608062529],[127.40327579128642,36.34590117769133],[127.39964449329715,36.3432957183514],[127.3933161186079,36.338429362776225],[127.39283173986993,36.33867777146949],[127.39259693808616,36.33886836952395],[127.3921219919174,36.33925390664478],[127.39134930833254,36.3398811293638],[127.38955672063918,36.34133616798393],[127.38921208068567,36.34152492316722],[127.3891559394575,36.34155536848526],[127.38861199277217,36.3418251757885],[127.38855033051401,36.34183998563496],[127.38704038968056,36.34218506854621],[127.38674505715632,36.34225255976674],[127.38364469861266,36.3429330775039],[127.38280794288985,36.34311671990985],[127.38211503021269,36.343268787585345],[127.38107945137794,36.341835524850765],[127.38028000347003,36.341395405115264],[127.37936216070894,36.34093534194803],[127.37898069827592,36.34096007414956],[127.37826985079037,36.341276001826515],[127.37784340467124,36.34146880958164],[127.37992170017202,36.3448243844706],[127.38059764222095,36.34523335558184],[127.3828948724769,36.3466871712146],[127.38291816316394,36.34789077620484],[127.38294120013444,36.349082657959904],[127.39524746401229,36.348982614423655]]]]}},{"type":"Feature","properties":{"adm_nm":"대전광역시 서구 둔산1동","adm_cd2":"3017063000","sgg":"30170","sido":"30","sidonm":"대전광역시","sggnm":"서구","adm_cd":"25030590","dong_code":"30170630","dong_name":"둔산1동"},"geometry":{"type":"MultiPolygon","coordinates":[[[[127.39526974229392,36.35768257508433],[127.39526648927156,36.35641182083552],[127.39524746401229,36.348982614423655],[127.38294120013444,36.349082657959904],[127.38296845738559,36.35129607060256],[127.38461937206267,36.35129079008296],[127.38462064656274,36.35357659542479],[127.38462127216377,36.354703196103586],[127.38462189869387,36.355818576001525],[127.38675403994523,36.35772606118699],[127.39526974229392,36.35768257508433]]]]}},{"type":"Feature","properties":{"adm_nm":"대전광역시 서구 둔산2동","adm_cd2":"3017064000","sgg":"30170","sido":"30","sidonm":"대전광역시","sggnm":"서구","adm_cd":"25030600","dong_code":"30170640","dong_name":"둔산2동"},"geometry":{"type":"MultiPolygon","coordinates":[[[[127.39481479141634,36.364803514860014],[127.39562073565499,36.364822212774094],[127.39609519049306,36.364792133572465],[127.39823430203548,36.362728807371965],[127.4003689435348,36.360929505598506],[127.40283531623355,36.35733283131693],[127.40087341346674,36.35768509055754],[127.39526974229392,36.35768257508433],[127.38675403994523,36.35772606118699],[127.38462189869387,36.355818576001525],[127.38462127216377,36.354703196103586],[127.38462064656274,36.35357659542479],[127.38461937206267,36.35129079008296],[127.38296845738559,36.35129607060256],[127.38294120013444,36.349082657959904],[127.38291816316394,36.34789077620484],[127.3828948724769,36.3466871712146],[127.38059764222095,36.34523335558184],[127.37992170017202,36.3448243844706],[127.37774902037498,36.347662390011024],[127.37665360076883,36.348794156416794],[127.37487475219325,36.34983299197882],[127.37319650853803,36.35054747735014],[127.37325708902247,36.350651902184175],[127.37341416709016,36.35097102751255],[127.37421241616312,36.352618427207624],[127.37429312408534,36.35279243824047],[127.37430720548014,36.35735031295122],[127.37426019295712,36.3577947208084],[127.37948221351348,36.35777980194511],[127.3795064151807,36.36485976044381],[127.39246075231662,36.3648157429156],[127.39481479141634,36.364803514860014]]]]}},{"type":"Feature","properties":{"adm_nm":"대전광역시 서구 괴정동","adm_cd2":"3017056000","sgg":"30170","sido":"30","sidonm":"대전광역시","sggnm":"서구","adm_cd":"25030610","dong_code":"30170560","dong_name":"괴정동"},"geometry":{"type":"MultiPolygon","coordinates":[[[[127.39134930833254,36.3398811293638],[127.3868667096315,36.33641834872801],[127.38250046212099,36.33295027835593],[127.38194870809461,36.33341731211497],[127.37925762577122,36.33569504611056],[127.37805777232866,36.33671052690394],[127.37750457837366,36.337178695918524],[127.37698537183198,36.3368128421111],[127.37688023240936,36.33672089997529],[127.37526031327326,36.33530417805677],[127.37000908114928,36.33689978640045],[127.36941936104037,36.33721308059191],[127.36886611227543,36.33789307742462],[127.3687059251785,36.33808997248019],[127.36842922840098,36.34018535337903],[127.37163489833445,36.34225929891554],[127.37371884472732,36.34041322859454],[127.37668954403551,36.340576829550905],[127.37742047335465,36.340746442177114],[127.37784340467124,36.34146880958164],[127.37826985079037,36.341276001826515],[127.37898069827592,36.34096007414956],[127.37936216070894,36.34093534194803],[127.38028000347003,36.341395405115264],[127.38107945137794,36.341835524850765],[127.38211503021269,36.343268787585345],[127.38280794288985,36.34311671990985],[127.38364469861266,36.3429330775039],[127.38674505715632,36.34225255976674],[127.38704038968056,36.34218506854621],[127.38855033051401,36.34183998563496],[127.38861199277217,36.3418251757885],[127.3891559394575,36.34155536848526],[127.38921208068567,36.34152492316722],[127.38955672063918,36.34133616798393],[127.39134930833254,36.3398811293638]]]]}},{"type":"Feature","properties":{"adm_nm":"대전광역시 서구 가장동","adm_cd2":"3017057000","sgg":"30170","sido":"30","sidonm":"대전광역시","sggnm":"서구","adm_cd":"25030620","dong_code":"30170570","dong_name":"가장동"},"geometry":{"type":"MultiPolygon","coordinates":[[[[127.39368392374574,36.3307334736271],[127.39021218615574,36.327195357429225],[127.38970444693945,36.32647416097567],[127.38582001951323,36.32799645059098],[127.38547201715156,36.328120940074605],[127.3851216028072,36.32820431129343],[127.3847182019555,36.32828248437507],[127.38123343151115,36.32871433092188],[127.38360934792748,36.330645224244975],[127.38440268008694,36.33128993361812],[127.38446743193032,36.33134255713513],[127.38439454879467,36.33140213370643],[127.38299402722572,36.332546869201245],[127.38250046212099,36.33295027835593],[127.3868667096315,36.33641834872801],[127.39368392374574,36.3307334736271]]]]}},{"type":"Feature","properties":{"adm_nm":"대전광역시 서구 내동","adm_cd2":"3017057500","sgg":"30170","sido":"30","sidonm":"대전광역시","sggnm":"서구","adm_cd":"25030630","dong_code":"30170575","dong_name":"내동"},"geometry":{"type":"MultiPolygon","coordinates":[[[[127.38250046212099,36.33295027835593],[127.38299402722572,36.332546869201245],[127.38439454879467,36.33140213370643],[127.38446743193032,36.33134255713513],[127.38440268008694,36.33128993361812],[127.38360934792748,36.330645224244975],[127.38123343151115,36.32871433092188],[127.38103367175786,36.32884677646595],[127.37948114580077,36.329772354680806],[127.37811959648798,36.33056966358646],[127.37715446962436,36.331118137673236],[127.37678165729871,36.33131264064158],[127.3765646654469,36.33100780672416],[127.37629569627491,36.330622696534526],[127.37611105910331,36.33032840273826],[127.37609345543132,36.330304022068496],[127.37585922148834,36.329981492375225],[127.3722102630358,36.33112196739604],[127.36825669935384,36.33396191678856],[127.36775545106163,36.33435028358151],[127.3669153961314,36.335029812483235],[127.36408858016841,36.335022953063024],[127.36273539596024,36.33633477803912],[127.36232443689936,36.33689505237024],[127.36161497669576,36.33849603541755],[127.36164512221771,36.339054972580726],[127.36184699438682,36.339484826239214],[127.36347177127331,36.33914063993476],[127.36593587803524,36.33908213719942],[127.36657646677834,36.339086577438124],[127.36791903686427,36.33960121500376],[127.36821595803534,36.339944413793454],[127.36838721647491,36.340142363952616],[127.36842922840098,36.34018535337903],[127.3687059251785,36.33808997248019],[127.36886611227543,36.33789307742462],[127.36941936104037,36.33721308059191],[127.37000908114928,36.33689978640045],[127.37526031327326,36.33530417805677],[127.37688023240936,36.33672089997529],[127.37698537183198,36.3368128421111],[127.37750457837366,36.337178695918524],[127.37805777232866,36.33671052690394],[127.37925762577122,36.33569504611056],[127.38194870809461,36.33341731211497],[127.38250046212099,36.33295027835593]]]]}},{"type":"Feature","properties":{"adm_nm":"대전광역시 서구 갈마1동","adm_cd2":"3017058100","sgg":"30170","sido":"30","sidonm":"대전광역시","sggnm":"서구","adm_cd":"25030640","dong_code":"30170581","dong_name":"갈마1동"},"geometry":{"type":"MultiPolygon","coordinates":[[[[127.37426019295712,36.3577947208084],[127.37430720548014,36.35735031295122],[127.37429312408534,36.35279243824047],[127.37421241616312,36.352618427207624],[127.37341416709016,36.35097102751255],[127.37325708902247,36.350651902184175],[127.37319650853803,36.35054747735014],[127.36992284613457,36.35243564077465],[127.36953873902867,36.352044192341914],[127.36923595101564,36.351602886315014],[127.36920694202666,36.35120416893608],[127.36919236198939,36.35100373055635],[127.36950557660187,36.344993035337076],[127.36952973474015,36.344625650121884],[127.36954361684272,36.34441455485713],[127.36964375813322,36.344038143325776],[127.36990213288139,36.34371082982227],[127.37136893031162,36.34248208329868],[127.37159617528751,36.34229172094552],[127.37163489833445,36.34225929891554],[127.36842922840098,36.34018535337903],[127.36838721647491,36.340142363952616],[127.36821595803534,36.339944413793454],[127.36791903686427,36.33960121500376],[127.36657646677834,36.339086577438124],[127.36593587803524,36.33908213719942],[127.36347177127331,36.33914063993476],[127.36184699438682,36.339484826239214],[127.36206355071236,36.34011028157634],[127.36187908956207,36.34046862722534],[127.36142638473008,36.34095075731449],[127.36108248305597,36.34111390772586],[127.36094537578052,36.341276438764936],[127.36096787691396,36.34167328771042],[127.36122576511889,36.34379124717366],[127.3614417694027,36.34429372776164],[127.3628055116776,36.346561826089754],[127.36250955228239,36.34933153868765],[127.36258086932578,36.349861884528494],[127.36317709349794,36.35369129242724],[127.36336559918695,36.35424361857066],[127.36396242610134,36.35432919395534],[127.3642091960071,36.35436457339967],[127.36433240722732,36.35438223298265],[127.36459338467476,36.3543596370929],[127.3652437136028,36.35430332279705],[127.36544505915872,36.35428588491276],[127.36643662938907,36.354160592399445],[127.36679129045703,36.35411577244565],[127.36684998701752,36.35410835147477],[127.36716325464425,36.35397960047089],[127.3678713973988,36.35368854527524],[127.36840582128987,36.35697953452164],[127.36842138358762,36.35782488042173],[127.37426077638794,36.35791706487548],[127.37426019295712,36.3577947208084]]]]}},{"type":"Feature","properties":{"adm_nm":"대전광역시 서구 갈마2동","adm_cd2":"3017058200","sgg":"30170","sido":"30","sidonm":"대전광역시","sggnm":"서구","adm_cd":"25030650","dong_code":"30170582","dong_name":"갈마2동"},"geometry":{"type":"MultiPolygon","coordinates":[[[[127.37319650853803,36.35054747735014],[127.37487475219325,36.34983299197882],[127.37665360076883,36.348794156416794],[127.37774902037498,36.347662390011024],[127.37992170017202,36.3448243844706],[127.37784340467124,36.34146880958164],[127.37742047335465,36.340746442177114],[127.37668954403551,36.340576829550905],[127.37371884472732,36.34041322859454],[127.37163489833445,36.34225929891554],[127.37159617528751,36.34229172094552],[127.37136893031162,36.34248208329868],[127.36990213288139,36.34371082982227],[127.36964375813322,36.344038143325776],[127.36954361684272,36.34441455485713],[127.36952973474015,36.344625650121884],[127.36950557660187,36.344993035337076],[127.36919236198939,36.35100373055635],[127.36920694202666,36.35120416893608],[127.36923595101564,36.351602886315014],[127.36953873902867,36.352044192341914],[127.36992284613457,36.35243564077465],[127.37319650853803,36.35054747735014]]]]}},{"type":"Feature","properties":{"adm_nm":"대전광역시 서구 월평1동","adm_cd2":"3017058600","sgg":"30170","sido":"30","sidonm":"대전광역시","sggnm":"서구","adm_cd":"25030660","dong_code":"30170586","dong_name":"월평1동"},"geometry":{"type":"MultiPolygon","coordinates":[[[[127.36842138358762,36.35782488042173],[127.36840582128987,36.35697953452164],[127.3678713973988,36.35368854527524],[127.36716325464425,36.35397960047089],[127.36684998701752,36.35410835147477],[127.36679129045703,36.35411577244565],[127.36643662938907,36.354160592399445],[127.36544505915872,36.35428588491276],[127.3652437136028,36.35430332279705],[127.36459338467476,36.3543596370929],[127.36433240722732,36.35438223298265],[127.3642091960071,36.35436457339967],[127.36396242610134,36.35432919395534],[127.36336559918695,36.35424361857066],[127.36317709349794,36.35369129242724],[127.36258086932578,36.349861884528494],[127.36250955228239,36.34933153868765],[127.3628055116776,36.346561826089754],[127.3614417694027,36.34429372776164],[127.36122576511889,36.34379124717366],[127.36096787691396,36.34167328771042],[127.36094537578052,36.341276438764936],[127.36108248305597,36.34111390772586],[127.36142638473008,36.34095075731449],[127.36187908956207,36.34046862722534],[127.36206355071236,36.34011028157634],[127.36184699438682,36.339484826239214],[127.36164512221771,36.339054972580726],[127.36161497669576,36.33849603541755],[127.36232443689936,36.33689505237024],[127.36273539596024,36.33633477803912],[127.36408858016841,36.335022953063024],[127.36368176559141,36.33128890832827],[127.3632447710753,36.33142867669707],[127.36321574316376,36.331465188453045],[127.36318085503879,36.33149498240282],[127.36312009375109,36.33152214666271],[127.3629505734408,36.33156650488601],[127.36286420676775,36.33155833700773],[127.36256792877549,36.33143990350302],[127.36253949563279,36.331422447573864],[127.36249260216994,36.33138278882174],[127.36221553507377,36.33101280078107],[127.36202694961543,36.33070606738874],[127.36165173134133,36.33007965756255],[127.36006934853796,36.32817508355478],[127.35973227569575,36.32776937406524],[127.35892612934168,36.33231000627605],[127.35363661854457,36.33213719754206],[127.35375044161361,36.33253825862612],[127.35384832465522,36.332952320173675],[127.35301919630945,36.33718886368651],[127.35107124845022,36.34326651114394],[127.349385146194,36.34861372476942],[127.34907445249799,36.34985089312554],[127.3493882649877,36.3514099706585],[127.34941737264997,36.35155454140365],[127.3494237356292,36.35158622955236],[127.34948617493164,36.35189641016576],[127.35194355682151,36.35436793784294],[127.35260210170058,36.35503023802925],[127.35296840619984,36.35535574765116],[127.35314667845537,36.35551371201689],[127.35345933414303,36.355790673861705],[127.35405945988107,36.35632228906286],[127.35447704351779,36.356692195246445],[127.35666847644113,36.35880361091975],[127.35681947337079,36.35894909215911],[127.36204076573888,36.35860354867325],[127.36842138358762,36.35782488042173]]]]}},{"type":"Feature","properties":{"adm_nm":"대전광역시 서구 월평2동","adm_cd2":"3017058700","sgg":"30170","sido":"30","sidonm":"대전광역시","sggnm":"서구","adm_cd":"25030670","dong_code":"30170587","dong_name":"월평2동"},"geometry":{"type":"MultiPolygon","coordinates":[[[[127.3795064151807,36.36485976044381],[127.37948221351348,36.35777980194511],[127.37426019295712,36.3577947208084],[127.37426077638794,36.35791706487548],[127.37426325220984,36.35843590809254],[127.3742754580161,36.3609953239018],[127.37427854028422,36.361641712747044],[127.37428143302319,36.36224864546436],[127.37292313192903,36.36225287562873],[127.37073678679147,36.36225965209415],[127.36983677014783,36.36226242992625],[127.3694111818444,36.36226374066764],[127.36849391572885,36.36226656165347],[127.36601672185046,36.36493052883343],[127.3795064151807,36.36485976044381]]]]}},{"type":"Feature","properties":{"adm_nm":"대전광역시 서구 월평3동","adm_cd2":"3017058800","sgg":"30170","sido":"30","sidonm":"대전광역시","sggnm":"서구","adm_cd":"25030680","dong_code":"30170588","dong_name":"월평3동"},"geometry":{"type":"MultiPolygon","coordinates":[[[[127.36601672185046,36.36493052883343],[127.36849391572885,36.36226656165347],[127.3694111818444,36.36226374066764],[127.36983677014783,36.36226242992625],[127.37073678679147,36.36225965209415],[127.37292313192903,36.36225287562873],[127.37428143302319,36.36224864546436],[127.37427854028422,36.361641712747044],[127.3742754580161,36.3609953239018],[127.37426325220984,36.35843590809254],[127.37426077638794,36.35791706487548],[127.36842138358762,36.35782488042173],[127.36204076573888,36.35860354867325],[127.35681947337079,36.35894909215911],[127.36363924817779,36.363967500295566],[127.36577950444308,36.36520717827257],[127.36601672185046,36.36493052883343]]]]}},{"type":"Feature","properties":{"adm_nm":"대전광역시 서구 만년동","adm_cd2":"3017065000","sgg":"30170","sido":"30","sidonm":"대전광역시","sggnm":"서구","adm_cd":"25030690","dong_code":"30170650","dong_name":"만년동"},"geometry":{"type":"MultiPolygon","coordinates":[[[[127.39499367141202,36.372673128006255],[127.39465590977983,36.37197856183245],[127.39472969781859,36.36572135790927],[127.39481479141634,36.364803514860014],[127.39246075231662,36.3648157429156],[127.3795064151807,36.36485976044381],[127.36601672185046,36.36493052883343],[127.36577950444308,36.36520717827257],[127.36853969655162,36.36650474822435],[127.37019242275333,36.36763610616835],[127.37035654911992,36.36776532424635],[127.37141945922454,36.36860221229044],[127.37241066704593,36.3693826149149],[127.37335130925987,36.36985037351261],[127.37474675834706,36.370544263594596],[127.37647832279826,36.371318120836506],[127.38042141589584,36.37286599867304],[127.38195234310795,36.37280642579393],[127.38284174678554,36.372794474226254],[127.38418129124729,36.37293239755102],[127.38552083935335,36.37307031307263],[127.38731450276285,36.373354168961555],[127.38862954281997,36.373494740136074],[127.3898246136984,36.37353913915454],[127.39155591251293,36.37329212425067],[127.39304703377624,36.372804507803885],[127.39499367141202,36.372673128006255]]]]}},{"type":"Feature","properties":{"adm_nm":"대전광역시 서구 가수원동","adm_cd2":"3017059000","sgg":"30170","sido":"30","sidonm":"대전광역시","sggnm":"서구","adm_cd":"25030511","dong_code":"30170590","dong_name":"가수원동"},"geometry":{"type":"MultiPolygon","coordinates":[[[[127.34515002571231,36.303439039058105],[127.35087328770538,36.30447762992842],[127.35828670878772,36.30628354080955],[127.36119622243869,36.304542500051774],[127.36191004376273,36.30351324883819],[127.36222477310965,36.30190071378257],[127.36226090693143,36.300666760446546],[127.36213301641195,36.29958812951948],[127.36154956146302,36.29771913024951],[127.36111495169924,36.29710041259244],[127.36053186959523,36.29627034049126],[127.35947909153154,36.294249597406555],[127.35847332073728,36.29227072114848],[127.35791666488376,36.290689345218254],[127.35788317819892,36.29042260356816],[127.35766444716793,36.28867994586797],[127.35719765582493,36.28496062685533],[127.35692325006092,36.28277403468832],[127.35678605339609,36.28168073988485],[127.35670964218036,36.280528707585525],[127.35676236357743,36.27959521345304],[127.35695817462087,36.27882262259556],[127.35695592860743,36.278327151521836],[127.35692599051438,36.278004610865096],[127.35659652009623,36.277556210885486],[127.35552545684567,36.27682192144342],[127.35444040453179,36.27613377829405],[127.35291595566693,36.27587325971643],[127.34631137433335,36.27492532931785],[127.34589029844763,36.27513125457993],[127.34557497906384,36.2752854603925],[127.34511369153738,36.275511053322596],[127.34405311336445,36.2765277370835],[127.34299251324012,36.27754441120601],[127.34286574261738,36.27846764706477],[127.33842443869294,36.2798115937287],[127.33726024109009,36.279935902313824],[127.33609604207307,36.280060195950355],[127.33493183829079,36.28018448004284],[127.3327715665558,36.281900062742416],[127.33238573958904,36.283459425114074],[127.33182814704378,36.28417203912457],[127.33350406619564,36.28499331290583],[127.33629235026817,36.28614104317343],[127.33989333317852,36.28735813308205],[127.34061502966041,36.28740100123925],[127.34188972166687,36.28735906655032],[127.34314906885756,36.287634522189954],[127.34482782176212,36.28800497395117],[127.34632107371098,36.28849370146887],[127.34666564460717,36.28886660472063],[127.34658111382588,36.28892113382445],[127.34606467438171,36.28954840856455],[127.34580134693974,36.289906349651254],[127.3453711927593,36.29115663203281],[127.34534685067634,36.29124242716254],[127.34534368687648,36.29132816493405],[127.34543613021334,36.29146505492713],[127.34589305698013,36.29213499373659],[127.3464500800713,36.293076102883596],[127.34704838092468,36.29412211136749],[127.34801413294434,36.29815156737608],[127.34804040242345,36.29895106505432],[127.34687443596127,36.30159809694627],[127.34515002571231,36.303439039058105]]]]}},{"type":"Feature","properties":{"adm_nm":"대전광역시 서구 기성동","adm_cd2":"3017060000","sgg":"30170","sido":"30","sidonm":"대전광역시","sggnm":"서구","adm_cd":"25030710","dong_code":"30170600","dong_name":"기성동"},"geometry":{"type":"MultiPolygon","coordinates":[[[[127.33182814704378,36.28417203912457],[127.33238573958904,36.283459425114074],[127.3327715665558,36.281900062742416],[127.33493183829079,36.28018448004284],[127.33609604207307,36.280060195950355],[127.33726024109009,36.279935902313824],[127.33842443869294,36.2798115937287],[127.34286574261738,36.27846764706477],[127.34299251324012,36.27754441120601],[127.34405311336445,36.2765277370835],[127.34511369153738,36.275511053322596],[127.34557497906384,36.2752854603925],[127.34589029844763,36.27513125457993],[127.34631137433335,36.27492532931785],[127.35110631691121,36.27316167158716],[127.35164024731287,36.2734681335312],[127.35414755597188,36.27272150375161],[127.35650042041452,36.27148244514862],[127.35809301914746,36.27036881004266],[127.35899665949981,36.26833314804492],[127.35974784215644,36.266234535454586],[127.35997126674913,36.26518657808419],[127.36101412797751,36.26446274244566],[127.36062552790166,36.264313127294876],[127.36042318553604,36.26417550807676],[127.36039328095048,36.264141190692925],[127.36031400293339,36.26405018004283],[127.3597501910878,36.26290839019269],[127.35965600423556,36.26266993499504],[127.35970191791877,36.26253156876644],[127.36005805114817,36.262367142218864],[127.36030497963539,36.262077398218445],[127.36042558896824,36.26131051749515],[127.36067256653467,36.25764059069974],[127.36136763938788,36.2535797782192],[127.36322313354565,36.25222965125525],[127.3639961599632,36.25164929157951],[127.36458567200562,36.248292448781385],[127.3646287776763,36.247550941396135],[127.36462362531252,36.24503030167307],[127.3645113424395,36.24347814901509],[127.3635554828268,36.23969827400743],[127.36246378455634,36.23554463814112],[127.361960518408,36.23403826792712],[127.36304579556443,36.232195335755335],[127.36205351761643,36.230645233234675],[127.36005068333384,36.22679356468793],[127.3601405257282,36.22608960408965],[127.36030898823991,36.225624172415515],[127.36067970092535,36.22529634766033],[127.36147882271773,36.224822476217305],[127.36324579451689,36.22347914696567],[127.36358449891178,36.22293775822782],[127.36395354797224,36.222258120787984],[127.36471837183991,36.219968825443004],[127.36423288799932,36.21893990066432],[127.3634873710804,36.218690848381264],[127.36137694627256,36.218383066408435],[127.3611448021747,36.218484288660775],[127.36060963507036,36.21849674994437],[127.36052456889715,36.21849871900937],[127.35996098896851,36.2173317910367],[127.35975572372928,36.21652818868819],[127.35959492633613,36.215272095864435],[127.35945549164366,36.2139245570467],[127.35806604135783,36.21367556666832],[127.35488633548394,36.21279903559636],[127.35402345878063,36.212345215723516],[127.35302510912203,36.21182010813285],[127.34971227827766,36.20828594573994],[127.34773712949043,36.2050431306744],[127.34684452695636,36.2033019109698],[127.3467543175263,36.20251464820032],[127.34685817563269,36.202458089953474],[127.3472918366049,36.202428714846825],[127.34765484693037,36.20211828518573],[127.34772568208298,36.19850390009488],[127.34762928139821,36.19821773294419],[127.34747956989797,36.197773342791095],[127.34574202075615,36.19720177239236],[127.34466569641017,36.19706423261751],[127.34391817536343,36.19672885940629],[127.34236268698523,36.194117583239766],[127.34201014970914,36.19345723209694],[127.34189042095538,36.19323295867057],[127.34171504699444,36.192797505764396],[127.34143587204959,36.19161035749591],[127.34130854378337,36.1910689227894],[127.34106116193114,36.19002895803544],[127.34065820549083,36.189116021658386],[127.33710397115908,36.18556809170583],[127.33510072343259,36.18361894770331],[127.33450917439137,36.18344187805212],[127.33393697993405,36.18327060324673],[127.33267241652885,36.18369599428344],[127.3317199254995,36.1840783284939],[127.33142602140774,36.18431820292709],[127.33164927680966,36.18480477008294],[127.33169559056748,36.18491085297949],[127.33171613463406,36.1849885381916],[127.33178763951608,36.18679291588616],[127.33177712839253,36.187965710935345],[127.33130564743067,36.19120509225921],[127.3306940679834,36.193440850978476],[127.33008154365388,36.194439053872884],[127.33216870330475,36.19770303631179],[127.33346414566297,36.19972833328532],[127.33353059376329,36.199801471266355],[127.33355506847093,36.19984628143593],[127.33355521478042,36.19988646340613],[127.33345195854518,36.20045104355739],[127.33316156193793,36.20079909953976],[127.32812823488393,36.204054225459856],[127.32807565219964,36.20406856952883],[127.3279370113087,36.20404681213908],[127.32729552169776,36.20388835731469],[127.32713931466915,36.20384160578264],[127.32705645993794,36.20377609757012],[127.32702021941162,36.203738449143536],[127.32699810528668,36.20371548413709],[127.32362628621533,36.2031168055888],[127.32353611160585,36.203129408145394],[127.32343363899273,36.20320808152985],[127.32340494304174,36.20323012026189],[127.32319157638932,36.20342399459933],[127.3230530655847,36.203596624831576],[127.32295439438717,36.20379025262224],[127.32116971309819,36.20850506308402],[127.32078432550108,36.20966366306001],[127.32070256256522,36.2110445603911],[127.32066571941432,36.212145102209554],[127.32132791829196,36.212776669708866],[127.32142317735622,36.21297367674526],[127.32146053093265,36.21305096109087],[127.32152634928717,36.21334409902484],[127.32153433749373,36.213428781931725],[127.32154326325542,36.213523411353115],[127.32150482692153,36.21370473906393],[127.32141312406488,36.21383015181507],[127.32114447359179,36.214105522742784],[127.32106867711013,36.21417859093218],[127.31969956039778,36.215449060999546],[127.31582097469641,36.22068769571443],[127.31577452811017,36.22076045221282],[127.3156811478279,36.22090670548431],[127.31562933300324,36.22097543450161],[127.31553431739128,36.22110144602031],[127.31445083680362,36.222418107005744],[127.31437025756131,36.222459450161224],[127.31009374868009,36.22433838784131],[127.30997165442763,36.22438545554143],[127.30946025483601,36.22458126693828],[127.30926430002226,36.22461545922026],[127.30908380948112,36.22463448729005],[127.30901977733205,36.224636611060326],[127.30881914669648,36.224642882882804],[127.30871317808297,36.22468243351632],[127.30758085393556,36.22553048609726],[127.30610255338769,36.22678299922787],[127.30598755210826,36.22690803120171],[127.30593022925123,36.226970369376524],[127.30577404723385,36.227165193413825],[127.30508169591654,36.22819222564353],[127.30492489203645,36.22850343599503],[127.30477307664509,36.22880474703793],[127.30474086738526,36.22883223258059],[127.30465594675798,36.22884760257922],[127.3037995297465,36.228973416650035],[127.3037598017052,36.228973510175045],[127.30368731824474,36.22897367346453],[127.30363827323423,36.228967907762154],[127.30359034291786,36.228962261973535],[127.30354320635428,36.22894535520293],[127.30348307775218,36.22892378675641],[127.30331424702037,36.2288079872839],[127.30327914879045,36.22877538783865],[127.30324769531552,36.22874616530266],[127.3031963527947,36.228668834450424],[127.303149939842,36.22854889592457],[127.30302666667485,36.22795204172683],[127.30284086461258,36.22696611411446],[127.30284020247453,36.226784819510165],[127.30291211218545,36.22625194101645],[127.30300079913273,36.225890934361765],[127.30320513873463,36.22498391026491],[127.30334351023853,36.22433497656094],[127.30358349624632,36.22301107600733],[127.30360731556635,36.22265400930535],[127.30358114020468,36.222435395926034],[127.30356462656982,36.22233814647059],[127.30354813245766,36.22224111522074],[127.30341579216687,36.22200224341641],[127.30328371677003,36.221841869764056],[127.30311717179423,36.221715227896915],[127.3028629276928,36.221575748297326],[127.30259034340519,36.22146995892745],[127.30227624428055,36.22136426533312],[127.30204535531469,36.22130508841414],[127.30195465723645,36.221287507594106],[127.30180759753961,36.22125900293799],[127.30138754278438,36.22119284877562],[127.3012214336801,36.22118769101956],[127.30095845458771,36.22118093035309],[127.30076922160283,36.22119277117435],[127.30049029125762,36.22121023216392],[127.2999762016217,36.22129946497952],[127.297319968623,36.221993305481284],[127.29376346653464,36.22312259465035],[127.29365282439174,36.223233445323295],[127.29363683629869,36.223285968723054],[127.29314491637247,36.225336043040656],[127.29283592404883,36.227430694346715],[127.29113186647423,36.230268108729696],[127.28819086993961,36.232927208305654],[127.28299336057859,36.23662622499997],[127.28301251905518,36.236683658259984],[127.28302412302286,36.23674686310625],[127.28302442828473,36.23682447056579],[127.28290275258516,36.23864412838672],[127.28156143165833,36.24135483210062],[127.28050464547688,36.24319695113014],[127.27999318670318,36.244080627995835],[127.27807800236758,36.244069337306655],[127.27872538534193,36.24423595114982],[127.27962116452956,36.244726138613565],[127.28011173226045,36.245111173329825],[127.2810234371605,36.245826736807885],[127.28108305352245,36.24625308233362],[127.28124247644915,36.24756723106159],[127.28095730833859,36.248199819971816],[127.28044930247596,36.250134254681136],[127.28002817287877,36.25234290264897],[127.28093806576236,36.25367906287504],[127.28146622167219,36.253725338313444],[127.28174312846558,36.25381971909025],[127.28187768018724,36.25394836835897],[127.2825244012298,36.25611074475059],[127.28255491693093,36.256299160961],[127.28219854649309,36.25679779308263],[127.2818836949536,36.25722865970031],[127.28191456422512,36.257513742160754],[127.2819827475003,36.25764606846695],[127.2820588353684,36.25779371390722],[127.28242552786472,36.25825977871052],[127.28341996920919,36.25922886278134],[127.28416417918291,36.25975483176192],[127.2859558621012,36.2607518442664],[127.28700738768903,36.26123021649794],[127.2880589283616,36.26170857859203],[127.28947062296763,36.26232737060162],[127.29088233324067,36.262946139636135],[127.29176439082205,36.26403329420623],[127.29177367810149,36.26419080353063],[127.29244830198984,36.263968132234744],[127.29270039666216,36.26409544313777],[127.29324372432369,36.26436983263886],[127.29403061107466,36.265655707194],[127.29486940068064,36.26655222446241],[127.29570820611904,36.26744872855697],[127.30048176650003,36.27000287306013],[127.30165008923541,36.27026904050177],[127.30281841661734,36.27053519383308],[127.30317421353756,36.270690877486906],[127.30441680914639,36.271234587304455],[127.30690204660355,36.27232197271589],[127.307137644332,36.272473826188836],[127.30725847269731,36.272551705885924],[127.30734288958789,36.27292630592041],[127.30711145041066,36.27435883463848],[127.30734813882823,36.275068207912454],[127.30753115952477,36.27561672514788],[127.30851708765819,36.276190823495284],[127.30950302803132,36.276764909191165],[127.31048019553467,36.278117455825324],[127.31042522229818,36.27920356712312],[127.31093404625287,36.28199886125776],[127.31129105933142,36.2823631448417],[127.31420495880653,36.284873468048836],[127.31565427972758,36.28570844483131],[127.3168265721385,36.28576147144644],[127.31900871822323,36.284055464192306],[127.3194675258609,36.281996694827065],[127.31944700788353,36.281542883703274],[127.31936851592735,36.280620209279846],[127.31931122773142,36.28031779039501],[127.31921694534157,36.2801062288349],[127.31891540909727,36.2794716127373],[127.31898923374769,36.27924448859286],[127.32657610913769,36.28175091583893],[127.32684786131456,36.2818406821442],[127.33182814704378,36.28417203912457]]]]}},{"type":"Feature","properties":{"adm_nm":"대전광역시 서구 관저1동","adm_cd2":"3017059600","sgg":"30170","sido":"30","sidonm":"대전광역시","sggnm":"서구","adm_cd":"25030720","dong_code":"30170596","dong_name":"관저1동"},"geometry":{"type":"MultiPolygon","coordinates":[[[[127.34515002571231,36.30343903905813],[127.34368848802873,36.303253679436736],[127.34336607054775,36.30319794301618],[127.34273692409477,36.30308915858786],[127.34270648062673,36.30308229743024],[127.34213575330556,36.302953593058206],[127.34201265286723,36.30292582957256],[127.34154151021599,36.3028153028989],[127.3401522271423,36.302489372380855],[127.34003682535347,36.302462297821485],[127.33959893875586,36.30230875637112],[127.3392690883152,36.30219310370241],[127.33904842058502,36.302115737132006],[127.33895356916439,36.30208712049634],[127.33819589558665,36.30185856669313],[127.33798843096017,36.30181547484797],[127.33753780283507,36.30172187502721],[127.33701078699966,36.3016124067361],[127.33661374308005,36.30153609873571],[127.33623121863518,36.30152191513189],[127.33599175862959,36.301513045627594],[127.33486065392934,36.301521155075854],[127.33279470823227,36.30156410487843],[127.33280753435359,36.30460600459525],[127.33252580617327,36.30462433361959],[127.3325187599344,36.30791954852956],[127.33339589304298,36.309461762608265],[127.33444793284038,36.31038473355385],[127.33750254581834,36.31278316470491],[127.3388815809249,36.31320678624445],[127.34035660963501,36.31163087891577],[127.34028956994776,36.311252239967956],[127.34035836828944,36.310727243263635],[127.34044906447151,36.31028628721663],[127.34061417370549,36.30976740233984],[127.34126775197207,36.3078290961657],[127.341775733114,36.307934422911835],[127.34253367967014,36.30834028399891],[127.34325117886948,36.30910327106],[127.34499466755501,36.30911527380368],[127.34509230891234,36.30743191115765],[127.34472837553744,36.30586888202861],[127.34486129714918,36.30483309734216],[127.3449429910413,36.30419648811898],[127.34515002571231,36.30343903905813]]]]}},{"type":"Feature","properties":{"adm_nm":"대전광역시 서구 관저2동","adm_cd2":"3017059700","sgg":"30170","sido":"30","sidonm":"대전광역시","sggnm":"서구","adm_cd":"25030730","dong_code":"30170597","dong_name":"관저2동"},"geometry":{"type":"MultiPolygon","coordinates":[[[[127.33182814704378,36.28417203912457],[127.32684786131456,36.2818406821442],[127.32657610913769,36.28175091583893],[127.31898923374769,36.27924448859286],[127.31891540909727,36.2794716127373],[127.31921694534157,36.2801062288349],[127.31931122773142,36.28031779039501],[127.31936851592735,36.280620209279846],[127.31944700788353,36.281542883703274],[127.3194675258609,36.281996694827065],[127.31900871822323,36.284055464192306],[127.3168265721385,36.28576147144644],[127.31710645360168,36.28584560243702],[127.31786801284564,36.2861241419315],[127.31861092754875,36.28655079005736],[127.31920005889747,36.28703239851659],[127.31967400010481,36.28759223906998],[127.31982937544403,36.28792692656286],[127.31995166206121,36.288338397681265],[127.32001759935045,36.28910664147535],[127.32000307619042,36.28974397898649],[127.3199770164955,36.291752821293365],[127.32008166605166,36.29223754787915],[127.32075052111738,36.29388206249045],[127.32210758281215,36.29716412193411],[127.32249257352169,36.297618808466396],[127.32292145664717,36.298125313016456],[127.32475043846185,36.299842771084464],[127.3269180949104,36.30056484639904],[127.32812279773606,36.300955990745024],[127.32882480745403,36.301180367147104],[127.32968203790936,36.30144876954988],[127.33079453133777,36.30158004490749],[127.33225358589789,36.30157127150213],[127.33244737676803,36.301568706066824],[127.33279470823227,36.30156410487843],[127.33486065392934,36.301521155075854],[127.33599175862959,36.301513045627594],[127.33623121863518,36.30152191513189],[127.33661374308005,36.30153609873571],[127.33701078699966,36.3016124067361],[127.33753780283507,36.30172187502721],[127.33798843096017,36.30181547484797],[127.33819589558665,36.30185856669313],[127.33895356916439,36.30208712049634],[127.33904842058502,36.302115737132006],[127.3392690883152,36.30219310370241],[127.33959893875586,36.30230875637112],[127.34003682535347,36.302462297821485],[127.3401522271423,36.302489372380855],[127.34154151021599,36.3028153028989],[127.34201265286723,36.30292582957256],[127.34213575330556,36.302953593058206],[127.34270648062673,36.30308229743024],[127.34273692409477,36.30308915858786],[127.34336607054775,36.30319794301618],[127.34368848802873,36.303253679436736],[127.34515002571231,36.30343903905813],[127.34687443596127,36.30159809694627],[127.34804040242345,36.29895106505432],[127.34801413294434,36.29815156737608],[127.34704838092468,36.29412211136749],[127.3464500800713,36.293076102883596],[127.34589305698013,36.29213499373659],[127.34543613021334,36.29146505492713],[127.34534368687648,36.29132816493405],[127.34534685067634,36.29124242716254],[127.3453711927593,36.29115663203281],[127.34580134693974,36.289906349651254],[127.34606467438171,36.28954840856455],[127.34658111382588,36.28892113382445],[127.34666564460717,36.28886660472063],[127.34632107371098,36.28849370146887],[127.34482782176212,36.28800497395117],[127.34314906885756,36.287634522189954],[127.34188972166687,36.28735906655032],[127.34061502966041,36.28740100123925],[127.33989333317852,36.28735813308205],[127.33629235026817,36.28614104317343],[127.33350406619564,36.28499331290583],[127.33182814704378,36.28417203912457]]]]}},{"type":"Feature","properties":{"adm_nm":"대전광역시 서구 둔산3동","adm_cd2":"3017066000","sgg":"30170","sido":"30","sidonm":"대전광역시","sggnm":"서구","adm_cd":"25030740","dong_code":"30170660","dong_name":"둔산3동"},"geometry":{"type":"MultiPolygon","coordinates":[[[[127.40283531623355,36.35733283131693],[127.40315504889904,36.35628738000218],[127.40318356563242,36.35581184871761],[127.40326436936259,36.35446430684202],[127.40325861172684,36.35334367456455],[127.40325305264938,36.35226173637145],[127.40324908974297,36.35149047661757],[127.40289939795515,36.35008636998657],[127.40309454694106,36.3489608062529],[127.39524746401229,36.348982614423655],[127.39526648927156,36.35641182083552],[127.39526974229392,36.35768257508433],[127.40087341346674,36.35768509055754],[127.40283531623355,36.35733283131693]]]]}},{"type":"Feature","properties":{"adm_nm":"대전광역시 유성구 진잠동","adm_cd2":"3020052000","sgg":"30200","sido":"30","sidonm":"대전광역시","sggnm":"유성구","adm_cd":"25040680","dong_code":"30200520","dong_name":"진잠동"},"geometry":{"type":"MultiPolygon","coordinates":[[[[127.26800797247095,36.33159191689934],[127.26966274954113,36.33099082027484],[127.27184766707386,36.33083996445448],[127.27426225092916,36.33078253056314],[127.27590822345633,36.331467832537776],[127.27786610296978,36.33029313377918],[127.27851988661509,36.32948810499781],[127.28124291733542,36.328748896213924],[127.2817369634406,36.33023824645258],[127.28526077937681,36.33095784350339],[127.28778814378963,36.331706580928284],[127.29062190565277,36.33254882994305],[127.29231626124027,36.329512873555714],[127.29324093582503,36.32765391716181],[127.29447572090527,36.32443107545552],[127.2960480859586,36.32396862842409],[127.29677400311665,36.32480711724571],[127.29792515407522,36.32421989125511],[127.30168435525715,36.322737738170744],[127.30417406881442,36.32317597392825],[127.30520940908195,36.32289858135309],[127.30873758444821,36.32178794158474],[127.31046038714965,36.322441882492576],[127.31191251841568,36.32411868186888],[127.3113694521698,36.326846649035545],[127.31182350069078,36.329266093114434],[127.31158699118463,36.33199454111934],[127.31204331035093,36.33348370666838],[127.31365636914451,36.33205980399677],[127.31565173147249,36.33100858131185],[127.31734175463286,36.329398690834374],[127.31772744318634,36.32834496215483],[127.32025717370972,36.32816273706661],[127.3222513622488,36.327545532374984],[127.32278731398425,36.32779440295406],[127.32508860550261,36.326929530964726],[127.32615928226086,36.32798541080555],[127.32638426473207,36.33021841032329],[127.32745404655152,36.33170840736201],[127.3282305286266,36.33213813015354],[127.33032680054603,36.3320741713149],[127.33301958057848,36.332052625791235],[127.33520348266511,36.3321504713061],[127.33791234375892,36.33218908965844],[127.33820886211666,36.33218802009225],[127.33818238106501,36.33092091741535],[127.33816720633864,36.330194814505326],[127.3360097133193,36.33017738963814],[127.33600603613125,36.32829594418171],[127.33675961571862,36.322906616003465],[127.33762488087288,36.318530270959805],[127.3378564623128,36.31786462369218],[127.33981970079091,36.31782742670256],[127.3391790083734,36.31422718777966],[127.3388815809249,36.31320678624445],[127.33750254581834,36.31278316470491],[127.33444793284038,36.31038473355385],[127.33339589304298,36.309461762608265],[127.3325187599344,36.30791954852956],[127.33252580617327,36.30462433361959],[127.33280753435359,36.30460600459525],[127.33279470823227,36.30156410487843],[127.33244737676803,36.301568706066824],[127.33225358589789,36.30157127150213],[127.33079453133777,36.30158004490749],[127.32968203790936,36.30144876954988],[127.32882480745403,36.301180367147104],[127.32812279773606,36.300955990745024],[127.3269180949104,36.30056484639904],[127.32475043846185,36.299842771084464],[127.32292145664717,36.298125313016456],[127.32249257352169,36.297618808466396],[127.32210758281215,36.29716412193411],[127.32075052111738,36.29388206249045],[127.32008166605166,36.29223754787915],[127.3199770164955,36.291752821293365],[127.32000307619042,36.28974397898649],[127.32001759935045,36.28910664147535],[127.31995166206121,36.288338397681265],[127.31982937544403,36.28792692656286],[127.31967400010481,36.28759223906998],[127.31920005889747,36.28703239851659],[127.31861092754875,36.28655079005736],[127.31786801284564,36.2861241419315],[127.31710645360168,36.28584560243702],[127.3168265721385,36.28576147144644],[127.31565427972758,36.28570844483131],[127.31420495880653,36.284873468048836],[127.31129105933142,36.2823631448417],[127.31093404625287,36.28199886125776],[127.31042522229818,36.27920356712312],[127.31048019553467,36.278117455825324],[127.30950302803132,36.276764909191165],[127.30851708765819,36.276190823495284],[127.30753115952477,36.27561672514788],[127.30734813882823,36.275068207912454],[127.30711145041066,36.27435883463848],[127.30734288958789,36.27292630592041],[127.30725847269731,36.272551705885924],[127.307137644332,36.272473826188836],[127.30690204660355,36.27232197271589],[127.30441680914639,36.271234587304455],[127.30317421353756,36.270690877486906],[127.30281841661734,36.27053519383308],[127.30165008923541,36.27026904050177],[127.30048176650003,36.27000287306013],[127.29570820611904,36.26744872855697],[127.29486940068064,36.26655222446241],[127.29403061107466,36.265655707194],[127.29324372432369,36.26436983263886],[127.29270039666216,36.26409544313777],[127.29244830198984,36.263968132234744],[127.29177367810149,36.26419080353063],[127.29146982621593,36.26533517754845],[127.29057075025632,36.26575059816478],[127.28881726618972,36.265841332357496],[127.28731189276732,36.26572960955053],[127.28649526801306,36.26550340390668],[127.28535559529824,36.265187723019196],[127.2842159340273,36.26487203309366],[127.28299554219018,36.26491335032372],[127.28290435601848,36.264936022076775],[127.28100651637669,36.2654081492697],[127.2744103554485,36.26855921995878],[127.27143233949504,36.27015856218807],[127.27008201787878,36.270855528307635],[127.26976815411449,36.27101752652669],[127.26770191623712,36.27295431111987],[127.26669014353656,36.273902650231186],[127.26666756317336,36.27392382417803],[127.26644857547254,36.274129087354495],[127.26487445615315,36.2747572336572],[127.26343028916389,36.27526975258939],[127.2619861022642,36.275782253064826],[127.26107453768668,36.27585007747782],[127.26025619549739,36.27591094878686],[127.25869437090509,36.276702361101414],[127.25624529058098,36.27800501805614],[127.25591055759605,36.2783802951871],[127.25558398382287,36.27874641385622],[127.25520379702822,36.27912062237075],[127.25480607664879,36.27951207370312],[127.25368798966795,36.280612499301746],[127.25314949489258,36.2811424674422],[127.25205133319596,36.28222322143513],[127.25098589045673,36.282629086650985],[127.24970947967235,36.28329873688372],[127.24945943683807,36.28342991968224],[127.24890639052539,36.28470925222369],[127.24867618510302,36.28590287806796],[127.24852431586525,36.28669031122062],[127.24846322175341,36.287007055391456],[127.24810016008662,36.288401297516366],[127.24761810846101,36.289661253952886],[127.24682635954292,36.290441312505514],[127.2476294225829,36.29164696689301],[127.25076143718191,36.29513104330177],[127.25090172719948,36.29528391171422],[127.25105005408928,36.2954326234304],[127.25120454382235,36.295573571938455],[127.25136339896402,36.295703215805986],[127.25152496316959,36.295818812673694],[127.25168829872554,36.29592103223661],[127.25185261904102,36.2960113549991],[127.2520171097215,36.29609125149509],[127.25218107434256,36.29616222135681],[127.2523436338875,36.296225749417275],[127.25243266575778,36.29625769439884],[127.25250405197276,36.29628329917226],[127.25266153308492,36.29633637006093],[127.25281558287378,36.296385966298054],[127.25287041408099,36.29640234084575],[127.25296685026308,36.2964311381054],[127.2531043872361,36.296467334415965],[127.25326467308788,36.296502490248564],[127.25341309735421,36.29652581203819],[127.25347995981382,36.296531719813856],[127.25356240002384,36.296538995753124],[127.25371352439596,36.296540612577786],[127.25382467930956,36.296532403905196],[127.25386738365889,36.296529242645086],[127.25402456021742,36.29650417401855],[127.25418430540381,36.296467588692956],[127.25434549071822,36.296422401745794],[127.25450703226534,36.296371518435286],[127.25466782382308,36.29631786922306],[127.25482675926982,36.29626436113689],[127.25498274812783,36.29621389312865],[127.25513467762575,36.29616937853487],[127.25528201760787,36.29613297909807],[127.25542636246003,36.29610378573092],[127.25556994028916,36.2960801657895],[127.25571495596489,36.29606043338027],[127.25712729199799,36.29588022881725],[127.25732442885783,36.295855354209934],[127.25751569229182,36.29583466857671],[127.25769743623178,36.295819914460665],[127.25786601926082,36.2958127758341],[127.25801869692167,36.29581444174885],[127.25815654931162,36.2958239110284],[127.25828154691793,36.29583964245536],[127.25839567917618,36.29586008492083],[127.25850633156294,36.29588509109425],[127.258599282884,36.29590895613205],[127.25887241396343,36.29598086833577],[127.25896019476662,36.296010092281776],[127.25904606102529,36.296055295838],[127.25912956589477,36.296125993940315],[127.25921021580594,36.296231696021636],[127.25925884996852,36.29632614899378],[127.25928754291753,36.29638188452023],[127.25930740145574,36.29643703878869],[127.25936105707873,36.29658606076124],[127.25943030936702,36.29685372434782],[127.25949507424261,36.29719017862755],[127.26017301891396,36.30143367003703],[127.26020050041133,36.30164401269302],[127.26020082236775,36.3018350059672],[127.26016981510192,36.30200100593035],[127.26009399136649,36.30218604587527],[127.25997655609305,36.30235966348593],[127.259822454706,36.30254099488161],[127.25977655721577,36.30259069688089],[127.25964166604894,36.302736759371854],[127.25944422134384,36.30295367009702],[127.25924008714905,36.3031984653651],[127.25913254944304,36.30334808755483],[127.25903929811943,36.30347784491842],[127.25885183327134,36.3037985156647],[127.25868770506754,36.304167216190805],[127.25855469643881,36.304587019444554],[127.2584516798148,36.30504656195895],[127.25837533807972,36.30553082365516],[127.25833514363329,36.305905230145754],[127.25832231178141,36.30602480147475],[127.2576134880298,36.31307229752758],[127.25758398085097,36.313382701752026],[127.2575585104392,36.31371109274293],[127.25753734109931,36.31405091049596],[127.25752072847268,36.314395520162215],[127.25750893060385,36.314738234609216],[127.25750754765181,36.314806738366734],[127.25750219007365,36.31507268672252],[127.25750085057821,36.31535338977895],[127.2575006632889,36.31539299875227],[127.25750276495592,36.31558736065831],[127.257503958869,36.315697512868596],[127.25751160038945,36.31598540950499],[127.25752310907033,36.316255906053044],[127.25753797819688,36.31650824328763],[127.25755573015711,36.316741613359085],[127.25757586610071,36.31695522820871],[127.25759792389609,36.317148310670795],[127.25762154882835,36.317320648164205],[127.25764721783693,36.317474352171395],[127.2576755140376,36.317612143833],[127.25770705518849,36.31773671100168],[127.25774244120336,36.31785074960653],[127.25778231204417,36.317956975490524],[127.25782726536035,36.318058099901656],[127.25787789783917,36.31815678720398],[127.25793462366201,36.31825528127053],[127.25799699896893,36.31835374347204],[127.25806438068054,36.31845191195197],[127.25813610474178,36.31854946170401],[127.25821154595022,36.318646111075665],[127.25829002239215,36.31874154314077],[127.25836649535567,36.31883032221713],[127.25841904686352,36.318889105416986],[127.25845709783097,36.31893137726861],[127.25853740028204,36.319017575638966],[127.25861347472387,36.31909595624382],[127.25870772613756,36.31918911553695],[127.25879389202632,36.31926962871216],[127.25883736092098,36.31930793917091],[127.2588804932686,36.31934593609912],[127.25896739223487,36.31941750550868],[127.25905441333468,36.319483830820324],[127.25914139334014,36.31954436987717],[127.25919506808005,36.31957841933672],[127.25922816758077,36.31959941084184],[127.25931452702828,36.31965243685922],[127.25940030133955,36.31970776057287],[127.25948528795736,36.31976967022015],[127.25956928427841,36.31984247477428],[127.25965211229729,36.31993045981815],[127.25973355386073,36.32003792978646],[127.25981344764394,36.32016919012975],[127.25989146077362,36.320326729343215],[127.25996686585026,36.32050581917441],[127.2600203660418,36.3206501943149],[127.26003879833472,36.320699940631904],[127.26010639929092,36.32090255219933],[127.26016881195444,36.32110711957935],[127.26022520063648,36.321307128352835],[127.260248553866,36.32139622515917],[127.26027470630152,36.32149603971376],[127.26031645208565,36.321667309412135],[127.26034989893893,36.32181612754383],[127.26037567180447,36.321944307472464],[127.26039471888788,36.32205543023248],[127.26040798184756,36.32215303807642],[127.26041639457111,36.322240668732015],[127.26042089095054,36.322321861728724],[127.26042234733086,36.322411680909305],[127.2604219157577,36.32247915786256],[127.26042013859062,36.3225618483672],[127.26041718714625,36.322649277733575],[127.2604130073334,36.32274200931753],[127.2604100614406,36.32279522602413],[127.26040754292282,36.32284057671968],[127.2604007325949,36.32294499243821],[127.26039241488269,36.323057412640516],[127.26038681316628,36.323125845676834],[127.26038263423304,36.32317678080612],[127.26037127598957,36.323304154214675],[127.26035811943588,36.32343993360945],[127.26034923158726,36.3235205651436],[127.2603422494521,36.323583894473295],[127.26032264788155,36.323735621856144],[127.26031095221663,36.32381195099844],[127.26029824401583,36.32389475930195],[127.25975117607548,36.32721053472398],[127.26016922501461,36.32717201651982],[127.26048668100229,36.327156066488435],[127.2610238734569,36.327148613132],[127.26108826987102,36.32715027448754],[127.26290472253956,36.327272957258195],[127.26321122959413,36.32731629076693],[127.26333340942155,36.32733758106569],[127.26358450867595,36.32740528889444],[127.26377124973759,36.327481224515665],[127.2656970154861,36.3282783509275],[127.26590480420117,36.328391483349954],[127.26600245226037,36.32844671553554],[127.26602672772219,36.32847806822248],[127.26604547594552,36.32850228609624],[127.26788156244612,36.33119217829349],[127.26791535004813,36.33126122630986],[127.2679707836262,36.33141667416442],[127.26800165259998,36.331522777083755],[127.26800797247095,36.33159191689934]]]]}},{"type":"Feature","properties":{"adm_nm":"대전광역시 유성구 온천2동","adm_cd2":"3020054000","sgg":"30200","sido":"30","sidonm":"대전광역시","sggnm":"유성구","adm_cd":"25040540","dong_code":"30200540","dong_name":"온천2동"},"geometry":{"type":"MultiPolygon","coordinates":[[[[127.38042141589584,36.37286599867304],[127.37647832279826,36.371318120836506],[127.37474675834706,36.370544263594596],[127.37335130925987,36.36985037351261],[127.37241066704593,36.3693826149149],[127.37141945922454,36.36860221229044],[127.37035654911992,36.36776532424635],[127.37019242275333,36.36763610616835],[127.36853969655162,36.36650474822435],[127.36577950444308,36.36520717827257],[127.36363924817779,36.363967500295566],[127.3615805394221,36.36315647977633],[127.36055819114036,36.362634754201025],[127.3584132275946,36.36154006411524],[127.35820124354622,36.36140457916856],[127.35816417555553,36.36138088780274],[127.35624675334158,36.36057896088234],[127.35139171928155,36.359250312566296],[127.35132481426079,36.35924872376565],[127.35002214079435,36.35921779303911],[127.34954919962318,36.35920656031114],[127.34905766211992,36.35919488841429],[127.34850827897749,36.35926295984957],[127.3467864932061,36.35947634864027],[127.34456004324271,36.35975224241968],[127.3439798108941,36.35982413130385],[127.34379474398216,36.35981163037827],[127.34353788738726,36.35979427235072],[127.34279407395277,36.35955028346691],[127.34247990695232,36.35944722677406],[127.34205812968669,36.3590173263884],[127.34187003909526,36.35882561863312],[127.34174009430016,36.358693176361186],[127.34163989566596,36.35859140407083],[127.34145223445091,36.358406625446534],[127.34135532733687,36.35831120772383],[127.34112735398939,36.35808674067906],[127.34061821604833,36.35758542791107],[127.33976183791249,36.35732805152525],[127.33869493317702,36.35700740163151],[127.3380788546466,36.356860042058095],[127.33766625161572,36.35676135235671],[127.33656228141889,36.3566294100123],[127.3363306356603,36.35660173843253],[127.33613107020173,36.35660576886407],[127.33564154882663,36.35661566257296],[127.33543754595904,36.35661979392709],[127.33490815924216,36.3567126092174],[127.33448880988321,36.3567861374379],[127.3338079197938,36.35690552173193],[127.33304796414737,36.35703876555648],[127.33003724924978,36.358206235364285],[127.32417705235585,36.35955350290538],[127.32153009816015,36.360579242265615],[127.31990604199297,36.36120867492174],[127.32088069979739,36.36165963902008],[127.32417304688026,36.36285839158628],[127.3268583576743,36.36412212811982],[127.33119714213252,36.36676234348436],[127.33148793083446,36.37128217705745],[127.33156427192314,36.37176541848434],[127.33179496258873,36.372505898238416],[127.33199120087936,36.373008453985356],[127.33283565341141,36.37484212395378],[127.33411523021718,36.377766871869426],[127.33454177665108,36.378741786935116],[127.335118684997,36.380080804834456],[127.3359392216892,36.381985210943355],[127.33615626985211,36.381943300739735],[127.3406283389678,36.37975140626478],[127.34304343131241,36.378422359620146],[127.34360257721356,36.377545399522255],[127.34639143012328,36.37674409198175],[127.34837603987063,36.37537644777526],[127.34851475994947,36.37305094003931],[127.34970580334445,36.371827583856856],[127.3501669440435,36.3713010078613],[127.35110610353657,36.371441723097774],[127.35102666637475,36.37288354852034],[127.35130430344418,36.375061145426805],[127.35309042921641,36.37665161242173],[127.35318152924245,36.37687930562717],[127.35279158881109,36.37780139788997],[127.35304184478042,36.378366006528694],[127.35564275337431,36.38082939089892],[127.35643243087367,36.37991066027595],[127.35722208533151,36.378991917032536],[127.3572867719309,36.378961210465974],[127.35791070959564,36.378665195476145],[127.3626374428927,36.3764225304823],[127.36414316963467,36.37611844919581],[127.36630457202304,36.37568191755188],[127.36989716292263,36.375862388763764],[127.3721242919641,36.37697400571594],[127.37323787804768,36.37752980174441],[127.37441968540784,36.377434940679585],[127.37560148994066,36.3773400625073],[127.3767018069471,36.37668919820972],[127.3778211031518,36.375308814771024],[127.37870237922651,36.37432135753033],[127.37935532180207,36.373589726925616],[127.38042141589584,36.37286599867304]]]]}},{"type":"Feature","properties":{"adm_nm":"대전광역시 유성구 신성동","adm_cd2":"3020055000","sgg":"30200","sido":"30","sidonm":"대전광역시","sggnm":"유성구","adm_cd":"25040550","dong_code":"30200550","dong_name":"신성동"},"geometry":{"type":"MultiPolygon","coordinates":[[[[127.38163471032176,36.42133721964021],[127.38128175828221,36.421041710044534],[127.37852764443859,36.41807315183118],[127.37878723553494,36.41713402235894],[127.3797454629627,36.41653118545835],[127.38242738401772,36.41456603910438],[127.38263446745076,36.41440236786448],[127.38304244732035,36.41407990723681],[127.38475138920178,36.41231499705825],[127.38708254942414,36.41229004828859],[127.38746027732678,36.411889868749896],[127.38918251712126,36.40887523288115],[127.38921105056944,36.40874552165908],[127.38918067421753,36.40850405953812],[127.38906973039082,36.40821210710114],[127.3886487385999,36.407176546999416],[127.38544604039714,36.40373952674211],[127.38384505749072,36.40369906932753],[127.38224407184937,36.40365858594206],[127.38146105191117,36.403574688192485],[127.38099515883093,36.4028658200932],[127.38016903629249,36.401226938999784],[127.38006648590174,36.40086249400639],[127.38005090108584,36.400094590091314],[127.38031795267143,36.39892741896211],[127.38069615789502,36.39745750763022],[127.38036035642374,36.39422838693231],[127.38003763515927,36.39369184502799],[127.38001841078913,36.39339431575271],[127.38051335633821,36.392773593331746],[127.38428413486015,36.38805306002657],[127.38464601442858,36.3869047656153],[127.38698990756417,36.38261108877323],[127.38773300522452,36.381855135528],[127.38808160941812,36.38163322222535],[127.38863865354487,36.381612227648574],[127.39130322272798,36.38108039357982],[127.39231541766574,36.38081310500967],[127.39326818731453,36.38051719769603],[127.39376405255787,36.38011719519572],[127.39386958255011,36.37988646046778],[127.39524987373356,36.37857160282921],[127.39743557471348,36.37680610463283],[127.39913847790577,36.375996591147214],[127.40073203420557,36.37496090825025],[127.39499367141202,36.372673128006255],[127.39304703377624,36.372804507803885],[127.39155591251293,36.37329212425067],[127.3898246136984,36.37353913915454],[127.38862954281997,36.373494740136074],[127.38731450276285,36.373354168961555],[127.38552083935335,36.37307031307263],[127.38418129124729,36.37293239755102],[127.38284174678554,36.372794474226254],[127.38195234310795,36.37280642579393],[127.38042141589584,36.37286599867304],[127.37935532180207,36.373589726925616],[127.37870237922651,36.37432135753033],[127.3778211031518,36.375308814771024],[127.3767018069471,36.37668919820972],[127.37560148994066,36.3773400625073],[127.37441968540784,36.377434940679585],[127.37323787804768,36.37752980174441],[127.3721242919641,36.37697400571594],[127.36989716292263,36.375862388763764],[127.36630457202304,36.37568191755188],[127.36414316963467,36.37611844919581],[127.3626374428927,36.3764225304823],[127.35791070959564,36.378665195476145],[127.3572867719309,36.378961210465974],[127.35722208533151,36.378991917032536],[127.35643243087367,36.37991066027595],[127.35564275337431,36.38082939089892],[127.35304184478042,36.378366006528694],[127.35279158881109,36.37780139788997],[127.35318152924245,36.37687930562717],[127.35309042921641,36.37665161242173],[127.35130430344418,36.375061145426805],[127.35102666637475,36.37288354852034],[127.35110610353657,36.371441723097774],[127.3501669440435,36.3713010078613],[127.34970580334445,36.371827583856856],[127.34851475994947,36.37305094003931],[127.34837603987063,36.37537644777526],[127.34639143012328,36.37674409198175],[127.34360257721356,36.377545399522255],[127.34304343131241,36.378422359620146],[127.3406283389678,36.37975140626478],[127.33615626985211,36.381943300739735],[127.3359392216892,36.381985210943355],[127.33033130180002,36.38381050736917],[127.3312574715339,36.38527173563104],[127.33281914431107,36.3874527593493],[127.33369696642849,36.391335815591084],[127.33326154819815,36.391921973880486],[127.33246358987994,36.39232441821873],[127.32899898751816,36.39305363560807],[127.328814847028,36.39309239563686],[127.3287956816159,36.39331676084746],[127.32884877391625,36.393992181310885],[127.32887528312857,36.3940477618858],[127.32892477420802,36.39411074360836],[127.32916767681057,36.39441845295782],[127.32967064431453,36.394626862093254],[127.33077621346285,36.39524339580747],[127.33120813809242,36.39679260437852],[127.33130123767152,36.39750356697204],[127.33098927891965,36.39830684277271],[127.3297653536615,36.39918557418554],[127.32864056823783,36.39954427776045],[127.32734745377522,36.40004931943414],[127.3264723259599,36.401835124187436],[127.32438462402767,36.40704133968122],[127.32434255737499,36.408717885845874],[127.32456130404792,36.409913783134904],[127.32575761738526,36.41046676597652],[127.3267928334018,36.41019951735396],[127.32721234292026,36.41085489006532],[127.32782048885458,36.41351577435393],[127.32782594311479,36.41481967685844],[127.32727584239035,36.415267969973655],[127.32676744746848,36.41626781510896],[127.32625912909076,36.41726748491373],[127.32645535233394,36.42112416266547],[127.32698089232836,36.422034654278065],[127.32741819007424,36.422255482987666],[127.32790097210388,36.422500589834364],[127.32901995985218,36.423126684989754],[127.33457426649444,36.42705239970995],[127.33894871339776,36.42977037686672],[127.34071762557373,36.43097601346038],[127.34220542711115,36.43072204243303],[127.34330335563993,36.430077529778266],[127.34604404532736,36.42921447834401],[127.34928430256541,36.428492448232525],[127.3510013990212,36.428487433509716],[127.35128081436328,36.4287177032678],[127.35191530461194,36.42937830364783],[127.35199789390705,36.431426899772795],[127.35208048736813,36.43347548793406],[127.35255491478766,36.43453118168445],[127.35471907800435,36.435985706592284],[127.35603621891791,36.4351385181969],[127.3564870360468,36.43422261993193],[127.35806441088491,36.432519461595255],[127.36084270462455,36.430278197541575],[127.36151413919819,36.429480402264716],[127.36185108138447,36.42934873125248],[127.36210135805817,36.42951425818269],[127.3627812019255,36.43053365440404],[127.36354859338657,36.432077917386636],[127.36340668524814,36.43306312650352],[127.3652076212467,36.4350727809234],[127.36631561106061,36.435871812227546],[127.36748324140277,36.434965527732146],[127.3686508401384,36.43405922981619],[127.36996552750233,36.43328924924911],[127.37235524195664,36.433491570676374],[127.37379421406352,36.43169943025217],[127.37370343191903,36.43112960061613],[127.37428669768052,36.43033199721703],[127.3763442882877,36.4278788280903],[127.37745576478736,36.42706767271075],[127.37851143489262,36.426862429308656],[127.37975610027884,36.426288380056334],[127.37995452978727,36.42483872362446],[127.37987659214308,36.423900663028355],[127.37994669093445,36.42322343035595],[127.38070545607371,36.422330221052775],[127.38163471032176,36.42133721964021]]]]}},{"type":"Feature","properties":{"adm_nm":"대전광역시 유성구 전민동","adm_cd2":"3020057000","sgg":"30200","sido":"30","sidonm":"대전광역시","sggnm":"유성구","adm_cd":"25040570","dong_code":"30200570","dong_name":"전민동"},"geometry":{"type":"MultiPolygon","coordinates":[[[[127.41499031291762,36.410394113347394],[127.4148803267898,36.40908216581814],[127.41407523521517,36.404852566180374],[127.41387411780478,36.40137450522934],[127.413377650541,36.39941794523737],[127.41300358472552,36.398185720959084],[127.41227008436277,36.39726727580575],[127.41217406743273,36.39714704516394],[127.4113688745205,36.39509074390919],[127.41071313388612,36.38987091688514],[127.41071199108214,36.38852220653507],[127.41095966090317,36.38601591949411],[127.41109028045574,36.38492593906602],[127.41122088963769,36.383835960990375],[127.41118370943644,36.38239617813113],[127.41110282741448,36.38166689760489],[127.4108555584572,36.38112856274742],[127.4104732964117,36.38029634158501],[127.40982842292611,36.379386608059775],[127.40939613209395,36.37878865579546],[127.40935593782218,36.37873304915953],[127.40917768896323,36.37848647595124],[127.40816651937587,36.37779876959294],[127.4059551981618,36.37653436445536],[127.40583623726506,36.37647209713457],[127.4052717693734,36.37617669042996],[127.40457118087288,36.37593907632921],[127.40310020288487,36.37571364386767],[127.40073203420557,36.37496090825025],[127.39913847790577,36.375996591147214],[127.39743557471348,36.37680610463283],[127.39524987373356,36.37857160282921],[127.39386958255011,36.37988646046778],[127.39376405255787,36.38011719519572],[127.39326818731453,36.38051719769603],[127.39231541766574,36.38081310500967],[127.39130322272798,36.38108039357982],[127.38863865354487,36.381612227648574],[127.38808160941812,36.38163322222535],[127.38773300522452,36.381855135528],[127.38698990756417,36.38261108877323],[127.38464601442858,36.3869047656153],[127.38428413486015,36.38805306002657],[127.38051335633821,36.392773593331746],[127.38001841078913,36.39339431575271],[127.38003763515927,36.39369184502799],[127.38036035642374,36.39422838693231],[127.38069615789502,36.39745750763022],[127.38031795267143,36.39892741896211],[127.38005090108584,36.400094590091314],[127.38006648590174,36.40086249400639],[127.38016903629249,36.401226938999784],[127.38099515883093,36.4028658200932],[127.38146105191117,36.403574688192485],[127.38224407184937,36.40365858594206],[127.38384505749072,36.40369906932753],[127.38544604039714,36.40373952674211],[127.3886487385999,36.407176546999416],[127.38906973039082,36.40821210710114],[127.38918067421753,36.40850405953812],[127.38921105056944,36.40874552165908],[127.38918251712126,36.40887523288115],[127.38746027732678,36.411889868749896],[127.38708254942414,36.41229004828859],[127.39410437882465,36.41057812743325],[127.39306872307723,36.410415408442184],[127.3929852152657,36.4104005575297],[127.39295789622237,36.410384144997074],[127.3929373686468,36.41036357707524],[127.39292186193575,36.41032787692953],[127.39292848082974,36.41028935318918],[127.3929554850955,36.410242508551406],[127.39331905199015,36.40970016206887],[127.39361523257784,36.409385140663105],[127.39379958459959,36.409235028349634],[127.39492737244584,36.408352598261445],[127.39703758014669,36.40808156222835],[127.39799354828614,36.408068771260346],[127.40116877910269,36.40813090445236],[127.40226328380204,36.408406352476014],[127.40335210207243,36.408680366847584],[127.40741828005056,36.409046684086604],[127.41129305162838,36.40927111898203],[127.41162648886869,36.40962886701824],[127.4118583543808,36.41019767801936],[127.41189738373103,36.41074768649793],[127.41346105658755,36.411021925563034],[127.41499031291762,36.410394113347394]]]]}},{"type":"Feature","properties":{"adm_nm":"대전광역시 유성구 노은1동","adm_cd2":"3020054600","sgg":"30200","sido":"30","sidonm":"대전광역시","sggnm":"유성구","adm_cd":"25040590","dong_code":"30200546","dong_name":"노은1동"},"geometry":{"type":"MultiPolygon","coordinates":[[[[127.3359392216892,36.381985210943355],[127.335118684997,36.380080804834456],[127.33454177665108,36.378741786935116],[127.33411523021718,36.377766871869426],[127.33283565341141,36.37484212395378],[127.33199120087936,36.373008453985356],[127.33179496258873,36.372505898238416],[127.33156427192314,36.37176541848434],[127.33148793083446,36.37128217705745],[127.33119714213252,36.36676234348436],[127.3268583576743,36.36412212811982],[127.32417304688026,36.36285839158628],[127.32088069979739,36.36165963902008],[127.31990604199297,36.36120867492174],[127.31759389449955,36.36170507062972],[127.31509621095637,36.36241925181727],[127.31067655120945,36.362404103939845],[127.30903289785124,36.3622848805573],[127.30738924738444,36.362165632769724],[127.30725366065006,36.3633933261941],[127.30711806733034,36.36462102280168],[127.30604387363474,36.365888812169636],[127.30468347488645,36.3659246859674],[127.30355360316118,36.364834255660426],[127.30346412692818,36.36414269752123],[127.30384447341302,36.36307899389109],[127.30402108666102,36.36130160896229],[127.30359052486838,36.36156304780755],[127.30132222267252,36.36187957985752],[127.30072615376882,36.36165641665795],[127.2995840529628,36.36088425647619],[127.29919354385703,36.360712297724476],[127.29839001183295,36.36035848819057],[127.29750332733998,36.359968068727404],[127.2964676517059,36.3595310480936],[127.29601635264498,36.358187294850985],[127.29329768097644,36.356942255749104],[127.29073210854958,36.35582145961384],[127.28471811244067,36.35407426151167],[127.28353023324716,36.35388606036609],[127.28131086788343,36.352424587280304],[127.28005132526046,36.35046869603418],[127.27788863807257,36.34893418009638],[127.27698060735491,36.35005254461005],[127.27609400254839,36.35101518767261],[127.27368410573291,36.353092831920975],[127.27322646467125,36.35332011857242],[127.2722530105146,36.354232633188545],[127.27114958981603,36.35730331015904],[127.27090714266545,36.358707663001766],[127.27087129837633,36.36062863105753],[127.27083702668631,36.36083472899905],[127.2708374874336,36.36096803847245],[127.2708728526755,36.36107905584424],[127.27099841565733,36.36127268091796],[127.27177034255526,36.36201020752622],[127.27204919251544,36.36226292155598],[127.27207278987727,36.36228390748863],[127.27222763880262,36.362415155625015],[127.27294155105578,36.36297543887973],[127.2732546671138,36.363041585198545],[127.27341998093574,36.36307969666945],[127.2738660275092,36.36322252304168],[127.27425945148036,36.36335938654071],[127.27441570431391,36.363422170822496],[127.2747507756563,36.36355682013062],[127.2755454348211,36.363899417709945],[127.27585133911,36.36405267275807],[127.27611790594193,36.36420255639448],[127.27631783586442,36.36431498744597],[127.27687480019199,36.36469455013726],[127.2773090566873,36.36502786350125],[127.27741430270731,36.36511753538993],[127.27752246793027,36.36520970807588],[127.27755267605802,36.365260289174294],[127.27754047178134,36.36534742256502],[127.2775774212734,36.36872054782074],[127.27924888873507,36.37063930589671],[127.28096829223985,36.37474392468607],[127.28098858958607,36.374818841664926],[127.28032656861193,36.378474187805935],[127.28029794787591,36.378529852759414],[127.28025135826276,36.37862045701009],[127.28013543739132,36.37877623095717],[127.28003675308857,36.37886600447866],[127.27983327486598,36.37897015183388],[127.27956002606919,36.379107442171495],[127.27939517595149,36.37918381162637],[127.27926346915618,36.37924480961923],[127.27913477739617,36.379326903553874],[127.27910455258248,36.37934618740096],[127.2790484577464,36.37938198279213],[127.27896717131917,36.37946282453297],[127.27894398412286,36.379485887072306],[127.27888641624119,36.37967452862835],[127.27883712094905,36.379890640815084],[127.27881839154148,36.38019777986413],[127.27884852553933,36.38048517829885],[127.27896906787893,36.38156592162482],[127.27994123929658,36.38165589197986],[127.28064483075424,36.381765425201486],[127.28079066319253,36.38181738961005],[127.2822330196044,36.38235677986933],[127.28310847533176,36.38277323364345],[127.28383665630555,36.38273882032106],[127.28657037622142,36.382339969086566],[127.29065998684717,36.38141462201916],[127.2946220206481,36.381019144310876],[127.29863555610609,36.38098306675166],[127.29934125932718,36.38142599837764],[127.29989197051982,36.381542329484745],[127.30028821727147,36.3814759463235],[127.3005540081117,36.38114830908993],[127.30097385589292,36.38006567487162],[127.30118824929313,36.37899922777305],[127.30140124267913,36.377569875353046],[127.30151113319327,36.37668678722731],[127.30176617950394,36.37567520677481],[127.30198324231367,36.37530845763973],[127.30613227791936,36.37192494009131],[127.30680224571965,36.37151778970143],[127.30710473879448,36.37147904270041],[127.31109152153212,36.37156793444132],[127.31539095438913,36.372345651534346],[127.31550247048986,36.372381353367125],[127.3156298935085,36.372511187465825],[127.3151795778612,36.37596508499125],[127.31787219482261,36.37596448092896],[127.3193581145234,36.37596997533226],[127.31960032963066,36.37597087053951],[127.32195246899974,36.3759795389194],[127.32265719231589,36.37598212876882],[127.32449486680298,36.37667826741342],[127.32504826398187,36.377002965053556],[127.32806641006492,36.380702588914666],[127.32921484463088,36.382274368798775],[127.33033130180002,36.38381050736917],[127.3359392216892,36.381985210943355]]]]}},{"type":"Feature","properties":{"adm_nm":"대전광역시 유성구 구즉동","adm_cd2":"3020058000","sgg":"30200","sido":"30","sidonm":"대전광역시","sggnm":"유성구","adm_cd":"25040610","dong_code":"30200580","dong_name":"구즉동"},"geometry":{"type":"MultiPolygon","coordinates":[[[[127.3956687444112,36.491611550688155],[127.39815449238749,36.48952353433225],[127.40094533428238,36.487438584055624],[127.40181105945867,36.48650966428542],[127.40267676060085,36.48558073985849],[127.40420820519319,36.483324398613306],[127.40431017764982,36.48147295603599],[127.40380560249186,36.47815601473813],[127.40345892412815,36.476145493122445],[127.40291849938976,36.474811414845085],[127.40251723412352,36.47382084381865],[127.40191869052798,36.4728249868635],[127.40132016222489,36.47182912586157],[127.400599583211,36.47017108795574],[127.40045188917833,36.46451017925993],[127.40044098297876,36.462381440233855],[127.40043553228628,36.46131706818351],[127.40059110331076,36.46035495034919],[127.40074667382258,36.45939282403988],[127.40090224045655,36.458430702775644],[127.40126391365919,36.457384304175335],[127.40182262130895,36.45665439724536],[127.40251464462547,36.4558208075688],[127.40262059825754,36.45569317858438],[127.40282020327385,36.45454042381275],[127.40268115236346,36.45364555371374],[127.4025421046233,36.45275068422461],[127.39842527679436,36.451141972739556],[127.39735479763053,36.45102410028505],[127.39700335714198,36.45103228994008],[127.3954908199175,36.45094226784143],[127.39349239220074,36.45056877440029],[127.39244629259198,36.44981206377818],[127.39190044959624,36.44927937013937],[127.39087995587734,36.447078678808346],[127.3907119862373,36.446607722788976],[127.39109940577093,36.442444704305956],[127.39117949361444,36.44189176343984],[127.3915192012092,36.44123015416425],[127.39174887876966,36.44095960874518],[127.39237171603575,36.440225956232325],[127.39269796692857,36.439899014361224],[127.39356625429134,36.43902887628855],[127.39445864644102,36.43823729687772],[127.39157775850607,36.43619320442251],[127.3888774606704,36.43427708286626],[127.38875941212426,36.43414340249373],[127.38869182948912,36.43406687006624],[127.38857679907845,36.43393660460765],[127.38851232401957,36.43380230864194],[127.38657898170388,36.42977507633928],[127.38597491669837,36.428516691191064],[127.38588203027142,36.428323181160884],[127.38583753806542,36.428228569113855],[127.3845670500579,36.425526749476155],[127.38438003908732,36.4251012764258],[127.38400076675116,36.42423837267887],[127.38395471132723,36.42413358999551],[127.38338328618822,36.42319839739494],[127.38307941054488,36.42287496032583],[127.38249630246679,36.422254308342254],[127.38163471032176,36.42133721964021],[127.38070545607371,36.422330221052775],[127.37994669093445,36.42322343035595],[127.37987659214308,36.423900663028355],[127.37995452978727,36.42483872362446],[127.37975610027884,36.426288380056334],[127.37851143489262,36.426862429308656],[127.37745576478736,36.42706767271075],[127.3763442882877,36.4278788280903],[127.37428669768052,36.43033199721703],[127.37370343191903,36.43112960061613],[127.37379421406352,36.43169943025217],[127.37235524195664,36.433491570676374],[127.36996552750233,36.43328924924911],[127.3686508401384,36.43405922981619],[127.36748324140277,36.434965527732146],[127.36631561106061,36.435871812227546],[127.3652076212467,36.4350727809234],[127.36340668524814,36.43306312650352],[127.36354859338657,36.432077917386636],[127.3627812019255,36.43053365440404],[127.36210135805817,36.42951425818269],[127.36185108138447,36.42934873125248],[127.36151413919819,36.429480402264716],[127.36084270462455,36.430278197541575],[127.35806441088491,36.432519461595255],[127.3564870360468,36.43422261993193],[127.35603621891791,36.4351385181969],[127.35471907800435,36.435985706592284],[127.35255491478766,36.43453118168445],[127.35208048736813,36.43347548793406],[127.35199789390705,36.431426899772795],[127.35191530461194,36.42937830364783],[127.35128081436328,36.4287177032678],[127.3510013990212,36.428487433509716],[127.34928430256541,36.428492448232525],[127.34604404532736,36.42921447834401],[127.34330335563993,36.430077529778266],[127.34220542711115,36.43072204243303],[127.34071762557373,36.43097601346038],[127.34036787663557,36.431834582867985],[127.33990110131002,36.435978775473],[127.34155520549402,36.43798021115221],[127.34206230350588,36.438051032716864],[127.3425548126747,36.43811981527099],[127.34269756222588,36.43861432614386],[127.34272803230007,36.438719880126584],[127.34276366019358,36.438843319979476],[127.34290061667141,36.43992316188642],[127.34395608481225,36.442733480029545],[127.3446982942011,36.444464463622815],[127.34892731063057,36.44721808469404],[127.35251500977218,36.44780113084285],[127.35308851409843,36.447906273491085],[127.35363457313812,36.44843883732338],[127.3555395750126,36.45054616989922],[127.35587925057632,36.450925026473136],[127.35870915991386,36.456032825065655],[127.35860782275643,36.45636550832782],[127.35785092171415,36.45794656407036],[127.35695231582517,36.46067947723234],[127.35595353002903,36.464018087076525],[127.3567061582616,36.464704338392536],[127.35848661567196,36.465185727884894],[127.36082174706414,36.46802766141833],[127.3636248775264,36.47033395459883],[127.36441019250722,36.47169668303057],[127.36450180287572,36.47243237074252],[127.36450306530386,36.47441781790633],[127.36413211332084,36.475104373026774],[127.36389247484463,36.47520889646977],[127.36309065083387,36.47555862080622],[127.36232816274381,36.47595266245376],[127.36199556945495,36.47644130966474],[127.3612920540422,36.47756845802206],[127.36003977252037,36.481598597769334],[127.3591528902481,36.48539078961528],[127.35920209478986,36.48608205227837],[127.35928353481488,36.48722595650148],[127.36034838383773,36.490222788369316],[127.36133003742358,36.4910685344531],[127.36312098620475,36.4907801544653],[127.3634380869312,36.4907290843182],[127.36451829095775,36.49043309824762],[127.36559847562573,36.4901371032551],[127.36667865880179,36.48984109755818],[127.36938799460027,36.489593279525586],[127.37133035262927,36.49032171098292],[127.37231433308067,36.491070249502165],[127.37411036245119,36.49243652839066],[127.37484582006314,36.49314470269531],[127.3755812921729,36.49385287511381],[127.37583179121462,36.494222211704475],[127.37687183518685,36.49575566454456],[127.37865964201548,36.49791167976013],[127.38020876668243,36.49929641441315],[127.38116723844692,36.50002188987698],[127.38277210499206,36.500447848372374],[127.38444002802174,36.50017869372583],[127.38468995519345,36.500138360003604],[127.38648709664008,36.499430075442916],[127.38796656173841,36.498510510468705],[127.38857962464095,36.49769608914099],[127.38946047702925,36.49652589321154],[127.39139034704235,36.49399879981838],[127.39262303314065,36.493562793130174],[127.39385570991458,36.49312677185304],[127.3956687444112,36.491611550688155]]]]}},{"type":"Feature","properties":{"adm_nm":"대전광역시 유성구 관평동","adm_cd2":"3020060000","sgg":"30200","sido":"30","sidonm":"대전광역시","sggnm":"유성구","adm_cd":"25040630","dong_code":"30200600","dong_name":"관평동"},"geometry":{"type":"MultiPolygon","coordinates":[[[[127.41345308618205,36.42227895235815],[127.4137482683191,36.42224447685916],[127.41452451086298,36.421956732838176],[127.4151821376513,36.42147251196028],[127.41527002260213,36.421407797585324],[127.41684697723348,36.419917657303415],[127.41718151500105,36.41935825194089],[127.41747080233111,36.41877367693358],[127.41790686960047,36.41789314027512],[127.41834292477482,36.41701260458471],[127.41852439025094,36.41656601530724],[127.41863403001557,36.41501491878358],[127.41840081646653,36.41399875520972],[127.41750653672698,36.41309010723165],[127.41605757202075,36.41189406653788],[127.41499031291762,36.410394113347394],[127.41346105658755,36.411021925563034],[127.41189738373103,36.41074768649793],[127.4118583543808,36.41019767801936],[127.41162648886869,36.40962886701824],[127.41129305162838,36.40927111898203],[127.40741828005056,36.409046684086604],[127.40335210207243,36.408680366847584],[127.40226328380204,36.408406352476014],[127.40116877910269,36.40813090445236],[127.39799354828614,36.408068771260346],[127.39703758014669,36.40808156222835],[127.39492737244584,36.408352598261445],[127.39379958459959,36.409235028349634],[127.39361523257784,36.409385140663105],[127.39331905199015,36.40970016206887],[127.3929554850955,36.410242508551406],[127.39292848082974,36.41028935318918],[127.39292186193575,36.41032787692953],[127.3929373686468,36.41036357707524],[127.39295789622237,36.410384144997074],[127.3929852152657,36.4104005575297],[127.39306872307723,36.410415408442184],[127.39410437882465,36.41057812743325],[127.38708254942414,36.41229004828859],[127.38475138920178,36.41231499705825],[127.38304244732035,36.41407990723681],[127.38263446745076,36.41440236786448],[127.38242738401772,36.41456603910438],[127.3797454629627,36.41653118545835],[127.37878723553494,36.41713402235894],[127.37852764443859,36.41807315183118],[127.38128175828221,36.421041710044534],[127.38163471032176,36.42133721964021],[127.38249630246679,36.422254308342254],[127.38307941054488,36.42287496032583],[127.38338328618822,36.42319839739494],[127.38395471132723,36.42413358999551],[127.38400076675116,36.42423837267887],[127.38438003908732,36.4251012764258],[127.3845670500579,36.425526749476155],[127.38583753806542,36.428228569113855],[127.38588203027142,36.428323181160884],[127.38597491669837,36.428516691191064],[127.38657898170388,36.42977507633928],[127.38851232401957,36.43380230864194],[127.38857679907845,36.43393660460765],[127.38869182948912,36.43406687006624],[127.38875941212426,36.43414340249373],[127.3888774606704,36.43427708286626],[127.39157775850607,36.43619320442251],[127.39445864644102,36.43823729687772],[127.3961978901414,36.43628754202832],[127.39770438774768,36.43492040724978],[127.4026978959664,36.430786273524255],[127.40358465311097,36.43016266420267],[127.40447139160491,36.42953905361439],[127.40477921751747,36.42932256827792],[127.40983467730801,36.42501651355445],[127.41054408065847,36.42408459647283],[127.41099639436645,36.42358420122308],[127.4113174952239,36.42325053860565],[127.4122816696707,36.422415795498004],[127.41345308618205,36.42227895235815]]]]}},{"type":"Feature","properties":{"adm_nm":"대전광역시 유성구 노은2동","adm_cd2":"3020054700","sgg":"30200","sido":"30","sidonm":"대전광역시","sggnm":"유성구","adm_cd":"25040660","dong_code":"30200547","dong_name":"노은2동"},"geometry":{"type":"MultiPolygon","coordinates":[[[[127.32698089232836,36.422034654278065],[127.32645535233394,36.42112416266547],[127.32625912909076,36.41726748491373],[127.32676744746848,36.41626781510896],[127.32727584239035,36.415267969973655],[127.32782594311479,36.41481967685844],[127.32782048885458,36.41351577435393],[127.32721234292026,36.41085489006532],[127.3267928334018,36.41019951735396],[127.32575761738526,36.41046676597652],[127.32456130404792,36.409913783134904],[127.32434255737499,36.408717885845874],[127.32438462402767,36.40704133968122],[127.3264723259599,36.401835124187436],[127.32734745377522,36.40004931943414],[127.32864056823783,36.39954427776045],[127.3297653536615,36.39918557418554],[127.33098927891965,36.39830684277271],[127.33130123767152,36.39750356697204],[127.33120813809242,36.39679260437852],[127.33077621346285,36.39524339580747],[127.32967064431453,36.394626862093254],[127.32916767681057,36.39441845295782],[127.32892477420802,36.39411074360836],[127.32887528312857,36.3940477618858],[127.32884877391625,36.393992181310885],[127.3287956816159,36.39331676084746],[127.328814847028,36.39309239563686],[127.32899898751816,36.39305363560807],[127.33246358987994,36.39232441821873],[127.33326154819815,36.391921973880486],[127.33369696642849,36.391335815591084],[127.33281914431107,36.3874527593493],[127.3312574715339,36.38527173563104],[127.33033130180002,36.38381050736917],[127.32921484463088,36.382274368798775],[127.32806641006492,36.380702588914666],[127.32504826398187,36.377002965053556],[127.32449486680298,36.37667826741342],[127.32265719231589,36.37598212876882],[127.32195246899974,36.3759795389194],[127.31960032963066,36.37597087053951],[127.3193581145234,36.37596997533226],[127.31787219482261,36.37596448092896],[127.3151795778612,36.37596508499125],[127.31488123476332,36.37619226727504],[127.31475102768324,36.377166793707524],[127.31473246423259,36.378345658458834],[127.31476788432882,36.37920221299979],[127.31554653820312,36.379067073149535],[127.31561267082748,36.3790555941141],[127.31643704697758,36.38017386736659],[127.31656575268032,36.38034845451588],[127.318420446372,36.38425208371642],[127.31823026553883,36.38721077335753],[127.31819190828878,36.38726285163065],[127.31693613550487,36.388967698001245],[127.31527817921194,36.391293483654],[127.31129327582792,36.39698559423556],[127.3104861749798,36.39864640941689],[127.31018592176646,36.398866083306736],[127.30794970057218,36.3992397205283],[127.30144832635209,36.40025182574089],[127.3004995829609,36.40039523278367],[127.29951476028941,36.40044013521261],[127.28902928253717,36.39921382213044],[127.2859620509634,36.39858045472408],[127.28095420742156,36.39706150417961],[127.27884380891486,36.39623992330707],[127.27862142553546,36.3966912900311],[127.2785897207938,36.396805701550704],[127.2785904874557,36.39702135405199],[127.27861391622656,36.39728893264693],[127.27886650625395,36.39877196868644],[127.27890228494445,36.398896603236246],[127.27901240838872,36.399153573327055],[127.27983115161102,36.40085874388702],[127.28066839089195,36.40278731577286],[127.2807688516877,36.40329928168712],[127.28185922828743,36.409202186333815],[127.28231470262878,36.41453730462398],[127.28236845727969,36.41457285977324],[127.28260851352715,36.4146691693225],[127.28322565282879,36.414890852295194],[127.28340249419487,36.41495423069043],[127.28356336864228,36.414981874795245],[127.28468492725504,36.41514115888218],[127.28483317036206,36.41516117499796],[127.28501770786045,36.41516461583803],[127.28522571952658,36.415151328356515],[127.28558824129419,36.415135150062525],[127.28582470593764,36.41512952874612],[127.28604392837063,36.41515324791297],[127.28616067936875,36.41517080968614],[127.28699054088966,36.41532437734148],[127.28852121701922,36.41570829179156],[127.28868855533362,36.41576394556295],[127.28899806676264,36.4158805332746],[127.28912127518852,36.41594404011347],[127.28919714768773,36.41602026769912],[127.28924791912304,36.41608647551069],[127.28926901619636,36.41624835536778],[127.28926440866275,36.41672265464654],[127.2892290475016,36.416958670402906],[127.28921348816684,36.4170325981202],[127.28915159974287,36.4173336439262],[127.28910984274822,36.41755947727224],[127.28909480635,36.41774560665029],[127.28907257469935,36.418049078109995],[127.28907082318196,36.41807557277069],[127.2890772774233,36.41813323788298],[127.2890983402288,36.41827980427519],[127.28925599630858,36.41936319082682],[127.29321285681662,36.41946557071268],[127.29423423431864,36.4221989035377],[127.29488662614128,36.422406608639676],[127.29538129741601,36.422564086285],[127.29599891373478,36.42275248888427],[127.29627715429301,36.422808507122895],[127.29757178024238,36.423069111449486],[127.29829177425627,36.42313854858232],[127.29931918584866,36.422934192947025],[127.29972841759097,36.422398979659334],[127.30069614870858,36.42195735037159],[127.30146001347241,36.42197917417096],[127.30183759324683,36.42299766462178],[127.30274829192807,36.42467057093643],[127.30404254190387,36.42509464808894],[127.30525887881561,36.42436745369383],[127.30614005788111,36.42432959086543],[127.30822250130171,36.424471185123274],[127.30892288254948,36.42455771521198],[127.31032826296912,36.42475398386844],[127.31056465903221,36.42478699269089],[127.31060725188057,36.42479293732429],[127.31410996598622,36.422825153484425],[127.31449158338624,36.42256823147277],[127.31495959452049,36.42225313573543],[127.31558699820495,36.42151100728185],[127.31621678833021,36.4207659969069],[127.31666951880354,36.42012377425657],[127.31705098793427,36.420015935961835],[127.31874322020131,36.42073374609735],[127.31933153011335,36.4209832930526],[127.31962785385878,36.42161164099406],[127.31992404146115,36.42220438654078],[127.3211191297291,36.423506966097285],[127.32150150983587,36.42362465147909],[127.32161402670448,36.423618899286616],[127.3222357878482,36.42358707490521],[127.3223089819766,36.42352752245306],[127.32323013356881,36.42250416284938],[127.32438882643446,36.42209743467827],[127.32610679179119,36.42196219884245],[127.32633309869478,36.421944561621004],[127.32673817660775,36.421912997037694],[127.32698089232836,36.422034654278065]]]]}},{"type":"Feature","properties":{"adm_nm":"대전광역시 유성구 노은3동","adm_cd2":"3020054800","sgg":"30200","sido":"30","sidonm":"대전광역시","sggnm":"유성구","adm_cd":"25040670","dong_code":"30200548","dong_name":"노은3동"},"geometry":{"type":"MultiPolygon","coordinates":[[[[127.3151795778612,36.37596508499125],[127.3156298935085,36.372511187465825],[127.31550247048986,36.372381353367125],[127.31539095438913,36.372345651534346],[127.31109152153212,36.37156793444132],[127.30710473879448,36.37147904270041],[127.30680224571965,36.37151778970143],[127.30613227791936,36.37192494009131],[127.30198324231367,36.37530845763973],[127.30176617950394,36.37567520677481],[127.30151113319327,36.37668678722731],[127.30140124267913,36.377569875353046],[127.30118824929313,36.37899922777305],[127.30097385589292,36.38006567487162],[127.3005540081117,36.38114830908993],[127.30028821727147,36.3814759463235],[127.29989197051982,36.381542329484745],[127.29934125932718,36.38142599837764],[127.29863555610609,36.38098306675166],[127.2946220206481,36.381019144310876],[127.29065998684717,36.38141462201916],[127.28657037622142,36.382339969086566],[127.28383665630555,36.38273882032106],[127.28310847533176,36.38277323364345],[127.2822330196044,36.38235677986933],[127.28079066319253,36.38181738961005],[127.28064483075424,36.381765425201486],[127.27994123929658,36.38165589197986],[127.27896906787893,36.38156592162482],[127.279026729546,36.38330392303077],[127.27918133532768,36.39163507302014],[127.2791600783276,36.391689199643764],[127.2791338703331,36.39175594939268],[127.27910543414579,36.39189372141116],[127.27899149135504,36.392813790307365],[127.2787058101551,36.39512433654836],[127.2786936117736,36.395308836966095],[127.27870085807383,36.39554007009519],[127.27884380891486,36.39623992330707],[127.28095420742156,36.39706150417961],[127.2859620509634,36.39858045472408],[127.28902928253717,36.39921382213044],[127.29951476028941,36.40044013521261],[127.3004995829609,36.40039523278367],[127.30144832635209,36.40025182574089],[127.30794970057218,36.3992397205283],[127.31018592176646,36.398866083306736],[127.3104861749798,36.39864640941689],[127.31129327582792,36.39698559423556],[127.31527817921194,36.391293483654],[127.31693613550487,36.388967698001245],[127.31819190828878,36.38726285163065],[127.31823026553883,36.38721077335753],[127.318420446372,36.38425208371642],[127.31656575268032,36.38034845451588],[127.31643704697758,36.38017386736659],[127.31561267082748,36.3790555941141],[127.31554653820312,36.379067073149535],[127.31476788432882,36.37920221299979],[127.31473246423259,36.378345658458834],[127.31475102768324,36.377166793707524],[127.31488123476332,36.37619226727504],[127.3151795778612,36.37596508499125]]]]}},{"type":"Feature","properties":{"adm_nm":"대전광역시 대덕구 오정동","adm_cd2":"3023051000","sgg":"30230","sido":"30","sidonm":"대전광역시","sggnm":"대덕구","adm_cd":"25050510","dong_code":"30230510","dong_name":"오정동"},"geometry":{"type":"MultiPolygon","coordinates":[[[[127.42756815725198,36.355028586921925],[127.42792193755321,36.35258819284215],[127.42725285784196,36.35252476696872],[127.42583465898882,36.35054876278228],[127.42577041777297,36.35044517817172],[127.42564582836404,36.35024427697652],[127.4254392857252,36.349760860804345],[127.42506696714504,36.34897694226609],[127.42494891467854,36.348859851697924],[127.42487404081822,36.34880136492466],[127.42389035635318,36.34842591934526],[127.42310443981707,36.348514492128125],[127.42179532054206,36.34856591395325],[127.42121314769058,36.348512803984214],[127.41958474638132,36.34830159338248],[127.41832518679759,36.34621609697955],[127.41991131051381,36.34504241619387],[127.42042619327393,36.3446614195483],[127.42070236323761,36.344457063938094],[127.41973055867864,36.344587209985],[127.41909077779445,36.34467287672115],[127.4182150167216,36.34468882118649],[127.4180962469011,36.34468636157784],[127.41761579526087,36.34467640736984],[127.41694276673717,36.34460007132619],[127.4167207149505,36.34455377316143],[127.41379887456368,36.343944440546345],[127.41365993462625,36.34391546204689],[127.41339205610775,36.34384903461015],[127.41277071753848,36.343694952695245],[127.41229476539554,36.34481441075184],[127.41214240042304,36.34507600116324],[127.4116847481196,36.345861423463575],[127.41163300898538,36.345926326885454],[127.41087193245014,36.346880955155555],[127.41056098704745,36.347149284906536],[127.409773700066,36.34779883443331],[127.40861466363452,36.34849626254428],[127.40822903228495,36.348639561839896],[127.40753939918577,36.34889581628915],[127.40516037204127,36.349523566728266],[127.40482198540008,36.349612839673966],[127.40381115929485,36.34986181492881],[127.40289939795515,36.35008636998657],[127.40324908974297,36.35149047661757],[127.40325305264938,36.35226173637145],[127.40325861172684,36.35334367456455],[127.40326436936259,36.35446430684202],[127.40318356563242,36.35581184871761],[127.40315504889904,36.35628738000218],[127.40283531623355,36.35733283131693],[127.4003689435348,36.360929505598506],[127.4005440892652,36.361009816408924],[127.4023954321931,36.361484617059574],[127.40669389698293,36.361728982107905],[127.40819423083668,36.3617161632415],[127.4094177013817,36.361701938551455],[127.41101777435098,36.36171056775867],[127.41298951087998,36.361794368309255],[127.41301648024628,36.36181204910473],[127.41330586884261,36.36201448014445],[127.4133329367919,36.362049943805495],[127.41349316040998,36.36231799473568],[127.41352262374774,36.36234356749424],[127.41397419205329,36.362716274318835],[127.4140182788689,36.36273586945699],[127.42003795933425,36.36333383597227],[127.41981745453987,36.362829873747046],[127.41977210238514,36.362572263575984],[127.4197368370882,36.36242861113503],[127.4196946698528,36.362256853957646],[127.41944355327057,36.36142716576307],[127.4187162244104,36.36029656073219],[127.41865086570132,36.36019497943301],[127.41761765756554,36.358709247809166],[127.41759452553968,36.358675970441276],[127.41910800269818,36.357520370152855],[127.42428023158223,36.35506635078257],[127.42479976100644,36.35505050342686],[127.42603961422762,36.35501268412275],[127.42756815725198,36.355028586921925]]]]}},{"type":"Feature","properties":{"adm_nm":"대전광역시 대덕구 대화동","adm_cd2":"3023052000","sgg":"30230","sido":"30","sidonm":"대전광역시","sggnm":"대덕구","adm_cd":"25050520","dong_code":"30230520","dong_name":"대화동"},"geometry":{"type":"MultiPolygon","coordinates":[[[[127.4211544148299,36.36832773968532],[127.4218329178315,36.367835690306705],[127.42149282236214,36.366648712372516],[127.42146010227641,36.3652286552545],[127.42080525619636,36.363856873775845],[127.42003795933425,36.36333383597227],[127.4140182788689,36.36273586945699],[127.41397419205329,36.362716274318835],[127.41352262374774,36.36234356749424],[127.41349316040998,36.36231799473568],[127.4133329367919,36.362049943805495],[127.41330586884261,36.36201448014445],[127.41301648024628,36.36181204910473],[127.41298951087998,36.361794368309255],[127.41101777435098,36.36171056775867],[127.4094177013817,36.361701938551455],[127.40819423083668,36.3617161632415],[127.40669389698293,36.361728982107905],[127.4023954321931,36.361484617059574],[127.4005440892652,36.361009816408924],[127.4003689435348,36.360929505598506],[127.39823430203548,36.362728807371965],[127.39609519049306,36.364792133572465],[127.39562073565499,36.364822212774094],[127.39481479141634,36.364803514860014],[127.39472969781859,36.36572135790927],[127.39465590977983,36.37197856183245],[127.39499367141202,36.372673128006255],[127.40073203420557,36.37496090825025],[127.40310020288487,36.37571364386767],[127.40457118087288,36.37593907632921],[127.4052717693734,36.37617669042996],[127.40583623726506,36.37647209713457],[127.4059551981618,36.37653436445536],[127.40816651937587,36.37779876959294],[127.40917768896323,36.37848647595124],[127.40935593782218,36.37873304915953],[127.40939613209395,36.37878865579546],[127.41249543219983,36.37594884150684],[127.4138439317898,36.37611632205552],[127.41421189802783,36.375985948687],[127.41457983655043,36.37585227092872],[127.41472637823196,36.375679632938585],[127.41576437745249,36.374452225520436],[127.41597175443474,36.3733955349871],[127.41630421185937,36.37272617457981],[127.4163324617394,36.37266932896398],[127.420293361433,36.36882110597904],[127.4211544148299,36.36832773968532]]]]}},{"type":"Feature","properties":{"adm_nm":"대전광역시 대덕구 회덕동","adm_cd2":"3023052500","sgg":"30230","sido":"30","sidonm":"대전광역시","sggnm":"대덕구","adm_cd":"25050530","dong_code":"30230525","dong_name":"회덕동"},"geometry":{"type":"MultiPolygon","coordinates":[[[[127.45965044848121,36.40397008083275],[127.45851645365138,36.40347228389281],[127.45738247552582,36.40297447615418],[127.45653122089251,36.401467544399786],[127.45528407406478,36.399133908810455],[127.45421207773593,36.395861845389334],[127.4539528614863,36.39006563468786],[127.4552234837686,36.38870894071547],[127.45468702130472,36.386981561720035],[127.45313315065184,36.38357732052571],[127.45232992465638,36.382520780548646],[127.45152672372666,36.38146423500095],[127.4513107917012,36.38091130499545],[127.44605045678486,36.38248211849958],[127.44366457663048,36.38315895998587],[127.44171758304347,36.38367825209256],[127.44007717460617,36.384054151034775],[127.43837283532571,36.380852630882686],[127.43659607557913,36.37881781844405],[127.43408416482535,36.3772337264806],[127.42931725679762,36.37602042309985],[127.42750252599238,36.37597409826848],[127.42747829417982,36.37606348091583],[127.42691055129951,36.37605020236243],[127.42426633759796,36.375371539478586],[127.42421880509225,36.374955474996874],[127.42414810301125,36.37443888602995],[127.4240423578226,36.37372115875677],[127.42389632918292,36.37292161813302],[127.42348553367441,36.371828036300585],[127.42288601626059,36.37136727320096],[127.42215310699544,36.37107859507779],[127.42131227766966,36.36953604145739],[127.4211544148299,36.36832773968532],[127.420293361433,36.36882110597904],[127.4163324617394,36.37266932896398],[127.41630421185937,36.37272617457981],[127.41597175443474,36.3733955349871],[127.41576437745249,36.374452225520436],[127.41472637823196,36.375679632938585],[127.41457983655043,36.37585227092872],[127.41421189802783,36.375985948687],[127.4138439317898,36.37611632205552],[127.41249543219983,36.37594884150684],[127.40939613209395,36.37878865579546],[127.40982842292611,36.379386608059775],[127.4104732964117,36.38029634158501],[127.4108555584572,36.38112856274742],[127.41110282741448,36.38166689760489],[127.41118370943644,36.38239617813113],[127.41122088963769,36.383835960990375],[127.41109028045574,36.38492593906602],[127.41095966090317,36.38601591949411],[127.41071199108214,36.38852220653507],[127.41071313388612,36.38987091688514],[127.4113688745205,36.39509074390919],[127.41217406743273,36.39714704516394],[127.41227008436277,36.39726727580575],[127.41300358472552,36.398185720959084],[127.413377650541,36.39941794523737],[127.41387411780478,36.40137450522934],[127.41407523521517,36.404852566180374],[127.4148803267898,36.40908216581814],[127.41499031291762,36.410394113347394],[127.41605757202075,36.41189406653788],[127.41750653672698,36.41309010723165],[127.41840081646653,36.41399875520972],[127.41863403001557,36.41501491878358],[127.41852439025094,36.41656601530724],[127.41834292477482,36.41701260458471],[127.41790686960047,36.41789314027512],[127.41747080233111,36.41877367693358],[127.42148896501995,36.419687777348415],[127.42185108176398,36.419895652756345],[127.42257294955999,36.420134943918235],[127.42568453325299,36.418304197914075],[127.42711317456136,36.41733064414178],[127.43178889875807,36.41391960524594],[127.43198192740292,36.41262556909778],[127.43202698859281,36.41232348237995],[127.4321178536152,36.41244260480262],[127.43294449627342,36.41352645352452],[127.43499228074039,36.41784811600771],[127.43493486621392,36.41814899960452],[127.43436130681944,36.41930330353731],[127.43771625008665,36.423606197755014],[127.4383053617554,36.42422890926838],[127.43982187893688,36.424503211976756],[127.44143176735768,36.42730383283628],[127.44339892453634,36.42782567462715],[127.44956635419888,36.42853933842184],[127.45206683328654,36.42871928420056],[127.45331707829587,36.42880923745425],[127.45600926308005,36.42837296374591],[127.45862852411022,36.42579946250665],[127.45829637460831,36.4248168648252],[127.45729997625028,36.42186907160837],[127.45632816399944,36.420886268010676],[127.45535637511955,36.419903457259515],[127.45474788879056,36.41898500625807],[127.4536969554061,36.417398640506626],[127.45330649070081,36.416438572099494],[127.45238593805641,36.414175023429095],[127.45296436568071,36.41262186087522],[127.45421877538442,36.410846646416005],[127.45566253803248,36.40901879861084],[127.45638365338449,36.40810591704893],[127.4570370394488,36.40727875503849],[127.45965044848121,36.40397008083275]]]]}},{"type":"Feature","properties":{"adm_nm":"대전광역시 대덕구 비래동","adm_cd2":"3023053300","sgg":"30230","sido":"30","sidonm":"대전광역시","sggnm":"대덕구","adm_cd":"25050540","dong_code":"30230533","dong_name":"비래동"},"geometry":{"type":"MultiPolygon","coordinates":[[[[127.46390326046053,36.35076234357809],[127.46280410377041,36.35119196421294],[127.45854110208104,36.35299327221771],[127.45799691262057,36.353030590787675],[127.45716117043933,36.35308788273716],[127.45605428712926,36.3529365970779],[127.4549794687825,36.35307123790085],[127.45389584929582,36.353274715442794],[127.45381426539373,36.353297910338874],[127.45413771682796,36.35385217338723],[127.45415442814269,36.35388079921671],[127.45446433500808,36.354411838749584],[127.45450374839373,36.354479393596186],[127.44699164704197,36.354002240959176],[127.44589566042443,36.35361776634466],[127.44570070746816,36.353227336824105],[127.44550737584674,36.352219641445025],[127.4455865996922,36.35219286481133],[127.44576343101694,36.35226960685134],[127.44591368070576,36.3523281218635],[127.4460613290171,36.35236932862715],[127.44552525902104,36.351418645567186],[127.4454547124221,36.35129353895971],[127.44516029244741,36.350789650866375],[127.44268650957905,36.35175999357488],[127.44251954275715,36.35185266483594],[127.44576775217891,36.35765039424426],[127.44785320505926,36.35987118040064],[127.44841771332572,36.36042123588558],[127.44997766506067,36.36212066786451],[127.44997872901853,36.362703243211904],[127.44890802461879,36.36402707411461],[127.44814283870058,36.364641211120656],[127.44747310137069,36.36562203662389],[127.44699171364435,36.36651251395253],[127.44746529530676,36.36714894005845],[127.44803437099925,36.36796776455276],[127.44815186801178,36.368162423559056],[127.44862560681852,36.369579599921295],[127.4487077283992,36.36995261791175],[127.44975816428277,36.371052800469194],[127.44586102912315,36.37576049692456],[127.4456221658883,36.37601494928951],[127.44640536974788,36.37697215181978],[127.4473483066047,36.37792879841684],[127.44756164299076,36.37786660504175],[127.44931769959064,36.37876437535328],[127.45028027196936,36.37953111612829],[127.4513107917012,36.38091130499545],[127.45273955567127,36.37792776317765],[127.45441204862757,36.37587534009376],[127.4572337062856,36.372332703164616],[127.45965047578338,36.36902293164062],[127.4622846718085,36.36437259919342],[127.46372509964124,36.36131010226135],[127.46486593195034,36.360989019864306],[127.46590040792502,36.36048566437289],[127.46614912357101,36.35932769878121],[127.46606905588361,36.35809080253667],[127.46606636322845,36.35804922453502],[127.4660500675561,36.3580267066408],[127.46562671742123,36.35744197633624],[127.46533088784798,36.35664726136618],[127.46477111897988,36.35514343871697],[127.46473499059324,36.35412054342064],[127.46469886425444,36.35309764974183],[127.46509988486021,36.352267924159115],[127.46512567764862,36.351549252747446],[127.46390326046053,36.35076234357809]]]]}},{"type":"Feature","properties":{"adm_nm":"대전광역시 대덕구 중리동","adm_cd2":"3023054600","sgg":"30230","sido":"30","sidonm":"대전광역시","sggnm":"대덕구","adm_cd":"25050550","dong_code":"30230546","dong_name":"중리동"},"geometry":{"type":"MultiPolygon","coordinates":[[[[127.42990921886627,36.36731733458071],[127.43071479087997,36.36448550339564],[127.43076951291579,36.36449590642289],[127.43130212844123,36.36459721599148],[127.43629635388032,36.36554707167898],[127.43732098094269,36.361953303291976],[127.43649592866278,36.361894748079244],[127.43601739490104,36.36186077971122],[127.4357738904035,36.361838885901236],[127.43571961645173,36.36183400553017],[127.43544666454163,36.36111386172963],[127.435362239026,36.360801567788236],[127.43544037370029,36.36074655029113],[127.43254820364459,36.359058616783],[127.43244018921023,36.359058165392],[127.43226703596024,36.35905745431586],[127.43068463266054,36.35905089056772],[127.4290863623901,36.356758526923926],[127.42756815725198,36.355028586921925],[127.42603961422762,36.35501268412275],[127.42479976100644,36.35505050342686],[127.42428023158223,36.35506635078257],[127.41910800269818,36.357520370152855],[127.41759452553968,36.358675970441276],[127.41761765756554,36.358709247809166],[127.41865086570132,36.36019497943301],[127.4187162244104,36.36029656073219],[127.41944355327057,36.36142716576307],[127.4196946698528,36.362256853957646],[127.4197368370882,36.36242861113503],[127.41977210238514,36.362572263575984],[127.41981745453987,36.362829873747046],[127.42003795933425,36.36333383597227],[127.42080525619636,36.363856873775845],[127.42146010227641,36.3652286552545],[127.42149282236214,36.366648712372516],[127.4218329178315,36.367835690306705],[127.42324350091111,36.36643038468724],[127.42990921886627,36.36731733458071]]]]}},{"type":"Feature","properties":{"adm_nm":"대전광역시 대덕구 법1동","adm_cd2":"3023060000","sgg":"30230","sido":"30","sidonm":"대전광역시","sggnm":"대덕구","adm_cd":"25050560","dong_code":"30230600","dong_name":"법1동"},"geometry":{"type":"MultiPolygon","coordinates":[[[[127.42750252599238,36.37597409826848],[127.42824268267508,36.37322125000394],[127.42910686497677,36.37027900312529],[127.42990921886627,36.36731733458071],[127.42324350091111,36.36643038468724],[127.4218329178315,36.367835690306705],[127.4211544148299,36.36832773968532],[127.42131227766966,36.36953604145739],[127.42215310699544,36.37107859507779],[127.42288601626059,36.37136727320096],[127.42348553367441,36.371828036300585],[127.42389632918292,36.37292161813302],[127.4240423578226,36.37372115875677],[127.42414810301125,36.37443888602995],[127.42421880509225,36.374955474996874],[127.42426633759796,36.375371539478586],[127.42691055129951,36.37605020236243],[127.42747829417982,36.37606348091583],[127.42750252599238,36.37597409826848]]]]}},{"type":"Feature","properties":{"adm_nm":"대전광역시 대덕구 법2동","adm_cd2":"3023061000","sgg":"30230","sido":"30","sidonm":"대전광역시","sggnm":"대덕구","adm_cd":"25050570","dong_code":"30230610","dong_name":"법2동"},"geometry":{"type":"MultiPolygon","coordinates":[[[[127.4513107917012,36.38091130499545],[127.45028027196936,36.37953111612829],[127.44931769959064,36.37876437535328],[127.44756164299076,36.37786660504175],[127.4473483066047,36.37792879841684],[127.44640536974788,36.37697215181978],[127.4456221658883,36.37601494928951],[127.44308706068782,36.37401432557587],[127.43857902697934,36.3698416911679],[127.43850036657291,36.36985339865027],[127.43738042612044,36.37004076963458],[127.43707264428225,36.370097238054676],[127.43536341931684,36.37005968434091],[127.43604346985616,36.36661212293716],[127.43613985515216,36.36617567637906],[127.4361965942527,36.36591876627274],[127.43623032762939,36.36579305384541],[127.4362562050801,36.36569663182506],[127.4362786498848,36.36561300982164],[127.43629635388032,36.36554707167898],[127.43130212844123,36.36459721599148],[127.43076951291579,36.36449590642289],[127.43071479087997,36.36448550339564],[127.42990921886627,36.36731733458071],[127.42910686497677,36.37027900312529],[127.42824268267508,36.37322125000394],[127.42750252599238,36.37597409826848],[127.42931725679762,36.37602042309985],[127.43408416482535,36.3772337264806],[127.43659607557913,36.37881781844405],[127.43837283532571,36.380852630882686],[127.44007717460617,36.384054151034775],[127.44171758304347,36.38367825209256],[127.44366457663048,36.38315895998587],[127.44605045678486,36.38248211849958],[127.4513107917012,36.38091130499545]]]]}},{"type":"Feature","properties":{"adm_nm":"대전광역시 대덕구 신탄진동","adm_cd2":"3023055000","sgg":"30230","sido":"30","sidonm":"대전광역시","sggnm":"대덕구","adm_cd":"25050580","dong_code":"30230550","dong_name":"신탄진동"},"geometry":{"type":"MultiPolygon","coordinates":[[[[127.48341894832788,36.47780249879657],[127.48375760520541,36.47771365257144],[127.48413104955722,36.4776156712835],[127.48452117857255,36.475277125491345],[127.48409635963027,36.474073182499225],[127.48367154600994,36.472869231442935],[127.48301173630631,36.47099920546056],[127.48268184445088,36.470064192687516],[127.47944861343217,36.460620338865745],[127.4792849871984,36.46014231487579],[127.47931266976981,36.458991473425094],[127.47934035151367,36.45784063625294],[127.48132469727153,36.45659775523618],[127.4823168508692,36.45597630180294],[127.48717277075099,36.45466558212149],[127.49134127840188,36.45456435173089],[127.49273077817885,36.4545305768184],[127.49479744330714,36.454915513674635],[127.49617241133758,36.455171601688974],[127.49754738729374,36.45542767475588],[127.49892237340676,36.45568372836739],[127.50128269693475,36.455337071702345],[127.50218057740675,36.45449131395352],[127.50266371751344,36.45398409129432],[127.50280051760119,36.453646707424],[127.50303928366998,36.45304501323881],[127.50315830179616,36.45192515697401],[127.5031330866563,36.451025091864715],[127.50293260489101,36.45004747182597],[127.50264625435915,36.44930505069406],[127.5020579159783,36.44840733016928],[127.5014022956115,36.447611657552244],[127.50072820570001,36.44696477926519],[127.50017194876753,36.44652092357747],[127.49922669177448,36.445976937077404],[127.4985551964555,36.44572924348108],[127.49788309758856,36.44538763129768],[127.49747334119223,36.44507623313175],[127.49578550905758,36.44378382894511],[127.49555695885873,36.44359969900733],[127.49477062928388,36.442966130431444],[127.49411655134818,36.442397412786846],[127.49271956356299,36.441025484636164],[127.49222077305419,36.44044046706682],[127.491857678398,36.43982356152914],[127.4915233674945,36.439151755612215],[127.49135962219727,36.43878125637805],[127.49125747877954,36.43855012145711],[127.48972124329887,36.43507309228724],[127.4894353093033,36.43436977931875],[127.48924719702018,36.43378346674361],[127.48921490264003,36.43327479324508],[127.48921132565803,36.4327033866873],[127.48774189205636,36.43281693489118],[127.48627245306365,36.43293046771136],[127.48515299054823,36.43320903423493],[127.48403351668821,36.43348759385275],[127.48254634425182,36.43149624688497],[127.48180278930681,36.43050056621307],[127.48119341860567,36.42929732297041],[127.48131985126705,36.42783534472541],[127.48073477474583,36.426908035486946],[127.47780959521775,36.42227145771615],[127.47281943900768,36.41573898178513],[127.47218071138136,36.41497074682922],[127.46834859410598,36.41036127691274],[127.46645625232195,36.40840785330765],[127.46503780415239,36.407694814567996],[127.4631057588233,36.40663054621265],[127.46248592494842,36.40600093521764],[127.46112304260623,36.40461649085449],[127.45965044848121,36.40397008083275],[127.4570370394488,36.40727875503849],[127.45638365338449,36.40810591704893],[127.45566253803248,36.40901879861084],[127.45421877538442,36.410846646416005],[127.45296436568071,36.41262186087522],[127.45238593805641,36.414175023429095],[127.45330649070081,36.416438572099494],[127.4536969554061,36.417398640506626],[127.45474788879056,36.41898500625807],[127.45535637511955,36.419903457259515],[127.45632816399944,36.420886268010676],[127.45729997625028,36.42186907160837],[127.45829637460831,36.4248168648252],[127.45862852411022,36.42579946250665],[127.45600926308005,36.42837296374591],[127.45331707829587,36.42880923745425],[127.45206683328654,36.42871928420056],[127.44956635419888,36.42853933842184],[127.44339892453634,36.42782567462715],[127.44143176735768,36.42730383283628],[127.43982187893688,36.424503211976756],[127.4383053617554,36.42422890926838],[127.43869408227374,36.42441817569281],[127.43917078855753,36.424658173334315],[127.43942854072965,36.42480020611262],[127.4397792380957,36.42547997581109],[127.43990020766347,36.42671557903625],[127.4400211810346,36.42795118549227],[127.43986605969775,36.42835468261554],[127.44065038158375,36.43016883063265],[127.4439176740172,36.43027113700844],[127.44390706181079,36.432927838289416],[127.44355886421089,36.43496971348458],[127.44196825068354,36.437720639187525],[127.44135097414582,36.43820121626675],[127.43988976992568,36.43828457682933],[127.4391556865831,36.43827844870815],[127.4378112810812,36.43826720809165],[127.43729399453855,36.43826287883441],[127.43645764070864,36.43806057185788],[127.43592836768629,36.438218265554895],[127.43488827945524,36.43862079225214],[127.43078932212312,36.44054818327847],[127.42998759546768,36.44155807763845],[127.42978746192652,36.441702682316034],[127.42841297491323,36.442557663490966],[127.42859684526842,36.44302632261619],[127.42897174277385,36.44411303172729],[127.42905138432228,36.44447281635777],[127.42909692126871,36.44473913107271],[127.4291516976059,36.445059529340405],[127.42915009968748,36.44511479380076],[127.4291353713185,36.44562318316067],[127.42905133623584,36.44623404211854],[127.42851930981064,36.44836508794349],[127.42687971259718,36.45464083551075],[127.42664748793206,36.455342063637254],[127.4265496694631,36.45573012459946],[127.42625513833822,36.456920992233314],[127.42949707464902,36.45719623679751],[127.42971781615636,36.45721053985505],[127.43174356351524,36.45729271929826],[127.43317071389092,36.45724059472533],[127.43625533249859,36.45665015110818],[127.43750299392049,36.455761075668725],[127.4384116488276,36.455029783326694],[127.44019935317091,36.45348899597818],[127.4405017882239,36.45315812305526],[127.4407880259354,36.45284496350917],[127.44093853185849,36.45265702394211],[127.44116406711335,36.45237537149944],[127.44134993553156,36.451985739589404],[127.44138477656,36.4519127177682],[127.44168343425805,36.45149675567422],[127.44212759115861,36.45105676834176],[127.44264041962798,36.4507417638757],[127.44336715850883,36.45048076382543],[127.44389057265052,36.450322275662586],[127.4453064042182,36.450011735799215],[127.4470039212172,36.44972361729008],[127.44861517208264,36.449631488867105],[127.44966377075916,36.44962755602738],[127.45145103827622,36.44975390056432],[127.4522092263149,36.44989978049153],[127.45321046295142,36.450099505526325],[127.4541346230049,36.45040127870534],[127.45509799671942,36.45076553073687],[127.45590699498018,36.45117564450038],[127.4559832122786,36.451214284095435],[127.45603287588757,36.45123946579771],[127.45948061510362,36.45302664873805],[127.4605134839927,36.453641062034116],[127.4608547996986,36.45388464773365],[127.46161534530856,36.454427418516275],[127.4627274138767,36.455291994196486],[127.46395849971864,36.45657097435595],[127.46402325133965,36.456771869978304],[127.46422559449017,36.457399675513784],[127.46421059499322,36.45814335992397],[127.46418313828755,36.45842525590222],[127.46407225298802,36.45874386662993],[127.46395400002743,36.45908366535872],[127.46383147896601,36.45971035494816],[127.46377749089956,36.46043071015503],[127.46379152176401,36.46115862084755],[127.46381758992752,36.46227787700598],[127.46391914745017,36.46302894887991],[127.46403048045423,36.46378779015175],[127.46471414107668,36.466070827393466],[127.46507899708945,36.46700088998176],[127.46543378937733,36.46786838175015],[127.46623877817592,36.46931337498376],[127.46676765223994,36.470054938106166],[127.46772658972445,36.471248828943175],[127.46833262500044,36.47189614789011],[127.46905525257573,36.472550846801724],[127.46980694533805,36.47318976115598],[127.47038289536563,36.47367282244147],[127.47050735634788,36.47376684423293],[127.47092927899772,36.47408553510048],[127.47143873056882,36.474466724571904],[127.4717098137713,36.47466952897943],[127.47919593300392,36.477463327418725],[127.48059648598814,36.47777082198489],[127.48167547454659,36.47790737483067],[127.48316133392245,36.477870081400354],[127.48341894832788,36.47780249879657]]]]}},{"type":"Feature","properties":{"adm_nm":"대전광역시 대덕구 석봉동","adm_cd2":"3023056000","sgg":"30230","sido":"30","sidonm":"대전광역시","sggnm":"대덕구","adm_cd":"25050590","dong_code":"30230560","dong_name":"석봉동"},"geometry":{"type":"MultiPolygon","coordinates":[[[[127.42664748793206,36.455342063637254],[127.42687971259718,36.45464083551075],[127.42851930981064,36.44836508794349],[127.42905133623584,36.44623404211854],[127.4291353713185,36.44562318316067],[127.42915009968748,36.44511479380076],[127.4291516976059,36.445059529340405],[127.42909692126871,36.44473913107271],[127.42905138432228,36.44447281635777],[127.42897174277385,36.44411303172729],[127.42859684526842,36.44302632261619],[127.42841297491323,36.442557663490966],[127.42740748647259,36.443266445627124],[127.42663325413355,36.44381219504635],[127.426258197009,36.4439643031183],[127.42569522418863,36.44407074713818],[127.42566098977579,36.44408450386405],[127.42484111691596,36.444502223347754],[127.42289410213353,36.44566847350663],[127.42234259607169,36.44612605468676],[127.42212008502024,36.446310683055486],[127.42186864905638,36.44675088121453],[127.4217613865945,36.446935292174096],[127.4215853283596,36.44723797421768],[127.4209102261161,36.44769056760038],[127.42079216863499,36.4477616873844],[127.41987163152191,36.44819799064616],[127.4192300584709,36.44844675190413],[127.41717392219708,36.45039787850606],[127.41711213720617,36.45047864301267],[127.41519173431894,36.45381014320518],[127.41462667452606,36.45487050867792],[127.41907023207497,36.455261489060184],[127.42343631537106,36.45605658847017],[127.42465237612907,36.45642950923485],[127.42463966796629,36.455163186234905],[127.42664748793206,36.455342063637254]]]]}},{"type":"Feature","properties":{"adm_nm":"대전광역시 대덕구 덕암동","adm_cd2":"3023057000","sgg":"30230","sido":"30","sidonm":"대전광역시","sggnm":"대덕구","adm_cd":"25050600","dong_code":"30230570","dong_name":"덕암동"},"geometry":{"type":"MultiPolygon","coordinates":[[[[127.4192300584709,36.44844675190413],[127.41987163152191,36.44819799064616],[127.42079216863499,36.4477616873844],[127.4209102261161,36.44769056760038],[127.4215853283596,36.44723797421768],[127.4217613865945,36.446935292174096],[127.42186864905638,36.44675088121453],[127.42212008502024,36.446310683055486],[127.42234259607169,36.44612605468676],[127.42289410213353,36.44566847350663],[127.42484111691596,36.444502223347754],[127.42566098977579,36.44408450386405],[127.42569522418863,36.44407074713818],[127.426258197009,36.4439643031183],[127.42663325413355,36.44381219504635],[127.42740748647259,36.443266445627124],[127.42841297491323,36.442557663490966],[127.42978746192652,36.441702682316034],[127.42998759546768,36.44155807763845],[127.43078932212312,36.44054818327847],[127.43488827945524,36.43862079225214],[127.43592836768629,36.438218265554895],[127.43645764070864,36.43806057185788],[127.43729399453855,36.43826287883441],[127.4378112810812,36.43826720809165],[127.4391556865831,36.43827844870815],[127.43988976992568,36.43828457682933],[127.44135097414582,36.43820121626675],[127.44196825068354,36.437720639187525],[127.44355886421089,36.43496971348458],[127.44390706181079,36.432927838289416],[127.4439176740172,36.43027113700844],[127.44065038158375,36.43016883063265],[127.43986605969775,36.42835468261554],[127.4400211810346,36.42795118549227],[127.43990020766347,36.42671557903625],[127.4397792380957,36.42547997581109],[127.43942854072965,36.42480020611262],[127.43917078855753,36.424658173334315],[127.43869408227374,36.42441817569281],[127.4383053617554,36.42422890926838],[127.43771625008665,36.423606197755014],[127.43436130681944,36.41930330353731],[127.43493486621392,36.41814899960452],[127.43499228074039,36.41784811600771],[127.43294449627342,36.41352645352452],[127.4321178536152,36.41244260480262],[127.43202698859281,36.41232348237995],[127.43198192740292,36.41262556909778],[127.43178889875807,36.41391960524594],[127.42711317456136,36.41733064414178],[127.42568453325299,36.418304197914075],[127.42257294955999,36.420134943918235],[127.42185108176398,36.419895652756345],[127.42148896501995,36.419687777348415],[127.41747080233111,36.41877367693358],[127.41718151500105,36.41935825194089],[127.41684697723348,36.419917657303415],[127.41527002260213,36.421407797585324],[127.4151821376513,36.42147251196028],[127.41452451086298,36.421956732838176],[127.4137482683191,36.42224447685916],[127.41345308618205,36.42227895235815],[127.41348326936735,36.426451226425606],[127.41391928496458,36.42813477125816],[127.4142170028638,36.42951756556605],[127.41395532313469,36.429712940602315],[127.41348832390534,36.43028524907378],[127.41348948361787,36.430353102603505],[127.41352237717793,36.43227491578652],[127.4137296502857,36.43259394549669],[127.41449277193394,36.43293702492054],[127.41505280866811,36.433148252602415],[127.41561823792219,36.43316188620276],[127.41680841316669,36.434075365954115],[127.41706517922447,36.43523902573549],[127.41705359484747,36.4353093351013],[127.41699360530504,36.43567339728315],[127.41681175158878,36.436511056443855],[127.41659380954455,36.437208478939866],[127.41575263933835,36.437677368984005],[127.41526911881462,36.4381956731553],[127.41504748107329,36.438804724940674],[127.4163127657586,36.44174293723536],[127.41652958143753,36.44203852226565],[127.41672549673325,36.44534004517204],[127.41649952467975,36.446650088833465],[127.41655965867567,36.44708139058326],[127.41700681181636,36.44779208179928],[127.41802860720153,36.44885087515351],[127.41812121496547,36.44890856878302],[127.41840874580919,36.44886684918874],[127.41871254409213,36.44882276716255],[127.41893576905733,36.44849323976918],[127.4192300584709,36.44844675190413]]]]}},{"type":"Feature","properties":{"adm_nm":"대전광역시 대덕구 목상동","adm_cd2":"3023058000","sgg":"30230","sido":"30","sidonm":"대전광역시","sggnm":"대덕구","adm_cd":"25050610","dong_code":"30230580","dong_name":"목상동"},"geometry":{"type":"MultiPolygon","coordinates":[[[[127.41462667452606,36.45487050867792],[127.41519173431894,36.45381014320518],[127.41711213720617,36.45047864301267],[127.41717392219708,36.45039787850606],[127.4192300584709,36.44844675190413],[127.41893576905733,36.44849323976918],[127.41871254409213,36.44882276716255],[127.41840874580919,36.44886684918874],[127.41812121496547,36.44890856878302],[127.41802860720153,36.44885087515351],[127.41700681181636,36.44779208179928],[127.41655965867567,36.44708139058326],[127.41649952467975,36.446650088833465],[127.41672549673325,36.44534004517204],[127.41652958143753,36.44203852226565],[127.4163127657586,36.44174293723536],[127.41504748107329,36.438804724940674],[127.41526911881462,36.4381956731553],[127.41575263933835,36.437677368984005],[127.41659380954455,36.437208478939866],[127.41681175158878,36.436511056443855],[127.41699360530504,36.43567339728315],[127.41705359484747,36.4353093351013],[127.41706517922447,36.43523902573549],[127.41680841316669,36.434075365954115],[127.41561823792219,36.43316188620276],[127.41505280866811,36.433148252602415],[127.41449277193394,36.43293702492054],[127.4137296502857,36.43259394549669],[127.41352237717793,36.43227491578652],[127.41348948361787,36.430353102603505],[127.41348832390534,36.43028524907378],[127.41395532313469,36.429712940602315],[127.4142170028638,36.42951756556605],[127.41391928496458,36.42813477125816],[127.41348326936735,36.426451226425606],[127.41345308618205,36.42227895235815],[127.4122816696707,36.422415795498004],[127.4113174952239,36.42325053860565],[127.41099639436645,36.42358420122308],[127.41054408065847,36.42408459647283],[127.40983467730801,36.42501651355445],[127.40477921751747,36.42932256827792],[127.40447139160491,36.42953905361439],[127.40358465311097,36.43016266420267],[127.4026978959664,36.430786273524255],[127.39770438774768,36.43492040724978],[127.3961978901414,36.43628754202832],[127.39445864644102,36.43823729687772],[127.39356625429134,36.43902887628855],[127.39269796692857,36.439899014361224],[127.39237171603575,36.440225956232325],[127.39174887876966,36.44095960874518],[127.3915192012092,36.44123015416425],[127.39117949361444,36.44189176343984],[127.39109940577093,36.442444704305956],[127.3907119862373,36.446607722788976],[127.39087995587734,36.447078678808346],[127.39190044959624,36.44927937013937],[127.39244629259198,36.44981206377818],[127.39349239220074,36.45056877440029],[127.3954908199175,36.45094226784143],[127.39700335714198,36.45103228994008],[127.39735479763053,36.45102410028505],[127.39842527679436,36.451141972739556],[127.4025421046233,36.45275068422461],[127.40268115236346,36.45364555371374],[127.40282020327385,36.45454042381275],[127.40262059825754,36.45569317858438],[127.40326491571517,36.4553948135162],[127.40436653918967,36.4551214022208],[127.40575784145757,36.454938227110304],[127.40794846060889,36.454795930511594],[127.412719362911,36.454768143098484],[127.41462667452606,36.45487050867792]]]]}},{"type":"Feature","properties":{"adm_nm":"대전광역시 대덕구 송촌동","adm_cd2":"3023054300","sgg":"30230","sido":"30","sidonm":"대전광역시","sggnm":"대덕구","adm_cd":"25050620","dong_code":"30230543","dong_name":"송촌동"},"geometry":{"type":"MultiPolygon","coordinates":[[[[127.44251954275715,36.35185266483594],[127.44139935077831,36.35237127862153],[127.441478674962,36.35356162749982],[127.4408622517476,36.35407767705138],[127.44032859658031,36.35451660636941],[127.4396644174591,36.35506291395593],[127.43969670673874,36.35663568850635],[127.4392701946223,36.3585784487047],[127.43869929903606,36.35972877022281],[127.43838616227312,36.35996418515829],[127.4374935319206,36.360246699584025],[127.43729039930147,36.360263866650854],[127.43676592241047,36.360239499289804],[127.43544037370029,36.36074655029113],[127.435362239026,36.360801567788236],[127.43544666454163,36.36111386172963],[127.43571961645173,36.36183400553017],[127.4357738904035,36.361838885901236],[127.43601739490104,36.36186077971122],[127.43649592866278,36.361894748079244],[127.43732098094269,36.361953303291976],[127.43629635388032,36.36554707167898],[127.4362786498848,36.36561300982164],[127.4362562050801,36.36569663182506],[127.43623032762939,36.36579305384541],[127.4361965942527,36.36591876627274],[127.43613985515216,36.36617567637906],[127.43604346985616,36.36661212293716],[127.43536341931684,36.37005968434091],[127.43707264428225,36.370097238054676],[127.43738042612044,36.37004076963458],[127.43850036657291,36.36985339865027],[127.43857902697934,36.3698416911679],[127.44308706068782,36.37401432557587],[127.4456221658883,36.37601494928951],[127.44586102912315,36.37576049692456],[127.44975816428277,36.371052800469194],[127.4487077283992,36.36995261791175],[127.44862560681852,36.369579599921295],[127.44815186801178,36.368162423559056],[127.44803437099925,36.36796776455276],[127.44746529530676,36.36714894005845],[127.44699171364435,36.36651251395253],[127.44747310137069,36.36562203662389],[127.44814283870058,36.364641211120656],[127.44890802461879,36.36402707411461],[127.44997872901853,36.362703243211904],[127.44997766506067,36.36212066786451],[127.44841771332572,36.36042123588558],[127.44785320505926,36.35987118040064],[127.44576775217891,36.35765039424426],[127.44251954275715,36.35185266483594]]]]}},{"type":"Feature","properties":{"adm_nm":"대전광역시 유성구 학하동","adm_cd2":"3020052600","sgg":"30200","sido":"30","sidonm":"대전광역시","sggnm":"유성구","adm_cd":"25040690","dong_code":"30200526","dong_name":"학하동"},"geometry":{"type":"MultiPolygon","coordinates":[[[[127.30402108666102,36.36130160896229],[127.30467548245231,36.36024836892438],[127.30555973347764,36.35925751770241],[127.30736383070322,36.35836117377913],[127.31077781654653,36.357560390240955],[127.31077871722947,36.35718828144081],[127.31032251156512,36.35560608942],[127.30924910040368,36.355604380690586],[127.30898226290466,36.354983770516284],[127.30841163309147,36.35318432327602],[127.30895021626567,36.35240995537891],[127.31132815543394,36.35191758617675],[127.31386043459095,36.350991281018494],[127.31516693769339,36.3496599123517],[127.3162413606479,36.34919643092409],[127.31735424850754,36.34867098011194],[127.31934769387506,36.348611991826225],[127.32042172174783,36.34830351827348],[127.32180289506077,36.34777842875973],[127.32299161759009,36.34759413998552],[127.32475677567952,36.34675949190671],[127.3203220411207,36.34163637861712],[127.31800906512832,36.33787623463154],[127.32027067109327,36.337188923529425],[127.32488244946951,36.33478987219709],[127.32763387140797,36.33250977163885],[127.3282305286266,36.33213813015354],[127.32745404655152,36.33170840736201],[127.32638426473207,36.33021841032329],[127.32615928226086,36.32798541080555],[127.32508860550261,36.326929530964726],[127.32278731398425,36.32779440295406],[127.3222513622488,36.327545532374984],[127.32025717370972,36.32816273706661],[127.31772744318634,36.32834496215483],[127.31734175463286,36.329398690834374],[127.31565173147249,36.33100858131185],[127.31365636914451,36.33205980399677],[127.31204331035093,36.33348370666838],[127.31158699118463,36.33199454111934],[127.31182350069078,36.329266093114434],[127.3113694521698,36.326846649035545],[127.31191251841568,36.32411868186888],[127.31046038714965,36.322441882492576],[127.30873758444821,36.32178794158474],[127.30520940908195,36.32289858135309],[127.30417406881442,36.32317597392825],[127.30168435525715,36.322737738170744],[127.29792515407522,36.32421989125511],[127.29677400311665,36.32480711724571],[127.2960480859586,36.32396862842409],[127.29447572090527,36.32443107545552],[127.29324093582503,36.32765391716181],[127.29231626124027,36.329512873555714],[127.29062190565277,36.33254882994305],[127.28778814378963,36.331706580928284],[127.28526077937681,36.33095784350339],[127.2817369634406,36.33023824645258],[127.28124291733542,36.328748896213924],[127.27851988661509,36.32948810499781],[127.27786610296978,36.33029313377918],[127.27590822345633,36.331467832537776],[127.27426225092916,36.33078253056314],[127.27184766707386,36.33083996445448],[127.26966274954113,36.33099082027484],[127.26800797247095,36.33159191689934],[127.26799658375454,36.33182651302168],[127.26795676961513,36.33206949689238],[127.26791888029963,36.33229831043301],[127.26789188236447,36.3324317186839],[127.26748684550131,36.333510019424914],[127.26747778787787,36.33353886376488],[127.26740262864641,36.33386495846234],[127.2672917424647,36.33444054471369],[127.26727337147999,36.33455636516612],[127.26726784582766,36.33459121431911],[127.26708161903689,36.3381350164214],[127.2670822526145,36.33832267885366],[127.26709193692339,36.33848068920093],[127.26712597888637,36.33862381748711],[127.26716299208935,36.338744742986485],[127.26720592041112,36.338811309856524],[127.26725184270315,36.338858122564574],[127.2673373671597,36.3388925007708],[127.26822293635888,36.339176975407604],[127.26900162671572,36.33942215334121],[127.2692031796032,36.33948837957714],[127.26928583715984,36.339527346005845],[127.26938037817784,36.339571932977144],[127.26961877894063,36.339702265164426],[127.26991849199614,36.339926298484215],[127.2700042128639,36.340017467728714],[127.27119577736617,36.34145929656897],[127.27123882618218,36.3415579768824],[127.2712665719399,36.34163938502315],[127.27127291111425,36.3417085083643],[127.27141208192515,36.34226130817343],[127.27162225662117,36.34305592575834],[127.27166029163934,36.34313110397245],[127.27170212495172,36.34321378032951],[127.27180028302325,36.34337159494173],[127.27189523066086,36.343482504307104],[127.27259281611398,36.34407353495394],[127.27263938331569,36.34411266025505],[127.2726631688708,36.344132640365224],[127.27273042293449,36.34415327742586],[127.2727669982932,36.34416449452382],[127.27288466913107,36.34419271915182],[127.27313113459034,36.34422202847212],[127.27328700281033,36.34423293990761],[127.27343883331602,36.34424356761378],[127.2743928217415,36.34435529450892],[127.27539050092659,36.34466604693591],[127.27552804285719,36.344723551373995],[127.27724444928522,36.34697439017572],[127.27729104346098,36.347049295824675],[127.27786553748318,36.34861401842306],[127.27789899750798,36.34875625794461],[127.27789942097523,36.348876340219476],[127.27788863807257,36.34893418009638],[127.28005132526046,36.35046869603418],[127.28131086788343,36.352424587280304],[127.28353023324716,36.35388606036609],[127.28471811244067,36.35407426151167],[127.29073210854958,36.35582145961384],[127.29329768097644,36.356942255749104],[127.29601635264498,36.358187294850985],[127.2964676517059,36.3595310480936],[127.29750332733998,36.359968068727404],[127.29839001183295,36.36035848819057],[127.29919354385703,36.360712297724476],[127.2995840529628,36.36088425647619],[127.30072615376882,36.36165641665795],[127.30132222267252,36.36187957985752],[127.30359052486838,36.36156304780755],[127.30402108666102,36.36130160896229]]]]}},{"type":"Feature","properties":{"adm_nm":"대전광역시 유성구 온천1동","adm_cd2":"3020053000","sgg":"30200","sido":"30","sidonm":"대전광역시","sggnm":"유성구","adm_cd":"25040640","dong_code":"30200530","dong_name":"온천1동"},"geometry":{"type":"MultiPolygon","coordinates":[[[[127.3343869325301,36.34852787844586],[127.32634856315129,36.348461509765905],[127.32475677567952,36.34675949190671],[127.32299161759009,36.34759413998552],[127.32180289506077,36.34777842875973],[127.32042172174783,36.34830351827348],[127.31934769387506,36.348611991826225],[127.31735424850754,36.34867098011194],[127.3162413606479,36.34919643092409],[127.31516693769339,36.3496599123517],[127.31386043459095,36.350991281018494],[127.31132815543394,36.35191758617675],[127.30895021626567,36.35240995537891],[127.30841163309147,36.35318432327602],[127.30898226290466,36.354983770516284],[127.30924910040368,36.355604380690586],[127.31032251156512,36.35560608942],[127.31077871722947,36.35718828144081],[127.31077781654653,36.357560390240955],[127.30736383070322,36.35836117377913],[127.30555973347764,36.35925751770241],[127.30467548245231,36.36024836892438],[127.30402108666102,36.36130160896229],[127.30384447341302,36.36307899389109],[127.30346412692818,36.36414269752123],[127.30355360316118,36.364834255660426],[127.30468347488645,36.3659246859674],[127.30604387363474,36.365888812169636],[127.30711806733034,36.36462102280168],[127.30725366065006,36.3633933261941],[127.30738924738444,36.362165632769724],[127.30903289785124,36.3622848805573],[127.31067655120945,36.362404103939845],[127.31509621095637,36.36241925181727],[127.31759389449955,36.36170507062972],[127.31990604199297,36.36120867492174],[127.32153009816015,36.360579242265615],[127.32417705235585,36.35955350290538],[127.33003724924978,36.358206235364285],[127.33304796414737,36.35703876555648],[127.3338079197938,36.35690552173193],[127.33448880988321,36.3567861374379],[127.33490815924216,36.3567126092174],[127.33543754595904,36.35661979392709],[127.33564154882663,36.35661566257296],[127.33613107020173,36.35660576886407],[127.3363306356603,36.35660173843253],[127.33656228141889,36.3566294100123],[127.33766625161572,36.35676135235671],[127.3380788546466,36.356860042058095],[127.33869493317702,36.35700740163151],[127.33976183791249,36.35732805152525],[127.34061821604833,36.35758542791107],[127.34112735398939,36.35808674067906],[127.34135532733687,36.35831120772383],[127.34145223445091,36.358406625446534],[127.34163989566596,36.35859140407083],[127.34174009430016,36.358693176361186],[127.34187003909526,36.35882561863312],[127.34205812968669,36.3590173263884],[127.34247990695232,36.35944722677406],[127.34279407395277,36.35955028346691],[127.34353788738726,36.35979427235072],[127.34379474398216,36.35981163037827],[127.3439798108941,36.35982413130385],[127.34456004324271,36.35975224241968],[127.3467864932061,36.35947634864027],[127.34850827897749,36.35926295984957],[127.34905766211992,36.35919488841429],[127.34954919962318,36.35920656031114],[127.35002214079435,36.35921779303911],[127.35132481426079,36.35924872376565],[127.35139171928155,36.359250312566296],[127.35624675334158,36.36057896088234],[127.35816417555553,36.36138088780274],[127.35820124354622,36.36140457916856],[127.3584132275946,36.36154006411524],[127.36055819114036,36.362634754201025],[127.3615805394221,36.36315647977633],[127.36363924817779,36.363967500295566],[127.35681947337079,36.35894909215911],[127.35666847644113,36.35880361091975],[127.35447704351779,36.356692195246445],[127.35405945988107,36.35632228906286],[127.35345933414303,36.355790673861705],[127.35314667845537,36.35551371201689],[127.35296840619984,36.35535574765116],[127.35260210170058,36.35503023802925],[127.35194355682151,36.35436793784294],[127.34948617493164,36.35189641016576],[127.3494237356292,36.35158622955236],[127.34941737264997,36.35155454140365],[127.34246491194367,36.3533983883256],[127.34217449274313,36.353477573220495],[127.3412894998673,36.35347168240038],[127.34077940477113,36.35199874458398],[127.34036712268505,36.350808203661444],[127.3402075716085,36.35034746010897],[127.34021572120803,36.35000907416607],[127.34023277510173,36.34930100173836],[127.34025023787306,36.348575917696294],[127.33563887107144,36.34852570505546],[127.3343869325301,36.34852787844586]]]]}},{"type":"Feature","properties":{"adm_nm":"대전광역시 유성구 원신흥동","adm_cd2":"3020061000","sgg":"30200","sido":"30","sidonm":"대전광역시","sggnm":"유성구","adm_cd":"25040710","dong_code":"30200610","dong_name":"원신흥동"},"geometry":{"type":"MultiPolygon","coordinates":[[[[127.33032680054603,36.3320741713149],[127.3337773439978,36.33408376768009],[127.3356903688415,36.33563687868652],[127.33675768427626,36.33842917862506],[127.33851570391789,36.34088130097991],[127.34146420555257,36.34228066639766],[127.33939300402552,36.342960104945156],[127.34023094270265,36.345566006651005],[127.34025023787306,36.348575917696294],[127.34023277510173,36.34930100173836],[127.34021572120803,36.35000907416607],[127.3402075716085,36.35034746010897],[127.34036712268505,36.350808203661444],[127.34077940477113,36.35199874458398],[127.3412894998673,36.35347168240038],[127.34217449274313,36.353477573220495],[127.34246491194367,36.3533983883256],[127.34941737264997,36.35155454140365],[127.3493882649877,36.3514099706585],[127.34907445249799,36.34985089312554],[127.349385146194,36.34861372476942],[127.35107124845022,36.34326651114394],[127.35301919630945,36.33718886368651],[127.35384832465522,36.332952320173675],[127.35375044161361,36.33253825862612],[127.35363661854457,36.33213719754206],[127.33820886211666,36.33218802009225],[127.33791234375892,36.33218908965844],[127.33520348266511,36.3321504713061],[127.33301958057848,36.332052625791235],[127.33032680054603,36.3320741713149]]]]}},{"type":"Feature","properties":{"adm_nm":"대전광역시 유성구 상대동","adm_cd2":"3020052700","sgg":"30200","sido":"30","sidonm":"대전광역시","sggnm":"유성구","adm_cd":"25040700","dong_code":"30200527","dong_name":"상대동"},"geometry":{"type":"MultiPolygon","coordinates":[[[[127.32475677567952,36.34675949190671],[127.32634856315129,36.348461509765905],[127.3343869325301,36.34852787844586],[127.33563887107144,36.34852570505546],[127.34025023787306,36.348575917696294],[127.34023094270265,36.345566006651005],[127.33939300402552,36.342960104945156],[127.34146420555257,36.34228066639766],[127.33851570391789,36.34088130097991],[127.33675768427626,36.33842917862506],[127.3356903688415,36.33563687868652],[127.3337773439978,36.33408376768009],[127.33032680054603,36.3320741713149],[127.3282305286266,36.33213813015354],[127.32763387140797,36.33250977163885],[127.32488244946951,36.33478987219709],[127.32027067109327,36.337188923529425],[127.31800906512832,36.33787623463154],[127.3203220411207,36.34163637861712],[127.32475677567952,36.34675949190671]]]]}},{"type":"Feature","properties":{"adm_nm":"대전광역시 서구 도안동","adm_cd2":"3017059300","sgg":"30170","sido":"30","sidonm":"대전광역시","sggnm":"서구","adm_cd":"25030512","dong_code":"30170593","dong_name":"도안동"},"geometry":{"type":"MultiPolygon","coordinates":[[[[127.36119622243869,36.304542500051774],[127.35828670878772,36.30628354080955],[127.35087328770538,36.30447762992842],[127.34515002571231,36.303439039058105],[127.34515002571231,36.30343903905813],[127.3449429910413,36.30419648811898],[127.34486129714918,36.30483309734216],[127.34472837553744,36.30586888202861],[127.34509230891234,36.30743191115765],[127.34499466755501,36.30911527380368],[127.34325117886948,36.30910327106],[127.34253367967014,36.30834028399891],[127.341775733114,36.307934422911835],[127.34126775197207,36.3078290961657],[127.34061417370549,36.30976740233984],[127.34044906447151,36.31028628721663],[127.34035836828944,36.310727243263635],[127.34028956994776,36.311252239967956],[127.34035660963501,36.31163087891577],[127.3388815809249,36.31320678624445],[127.3391790083734,36.31422718777966],[127.33981970079091,36.31782742670256],[127.3378564623128,36.31786462369218],[127.33762488087288,36.318530270959805],[127.33675961571862,36.322906616003465],[127.33600603613125,36.32829594418171],[127.3360097133193,36.33017738963814],[127.33816720633864,36.330194814505326],[127.33818238106501,36.33092091741535],[127.33820886211666,36.33218802009225],[127.35363661854457,36.33213719754206],[127.35892612934168,36.33231000627605],[127.35973227569575,36.32776937406524],[127.35944737284092,36.326493648189455],[127.35948983144235,36.325530744099616],[127.35950152339333,36.3254064853442],[127.35962229374204,36.32492654936296],[127.35957354538175,36.323230542269194],[127.35948245273944,36.32170408356532],[127.35817529941683,36.319784236465495],[127.35792426608187,36.31746731981613],[127.35686554425561,36.31683459075923],[127.35474690010545,36.31398910108186],[127.35625353516696,36.31028665260618],[127.35725358167544,36.308291390572506],[127.35901483667494,36.306590136921386],[127.35968925440935,36.305938670705494],[127.35981083469747,36.3058212281025],[127.35996309127535,36.3056806957141],[127.36119622243869,36.304542500051774]]]]}}]}
